ClassNumber,Character,ImageCount
0,R,1
1,l,5
2,ᄀᅠ,35
3,가ᇇ,9
4,가ᇙ,21
5,가ᇝ,28
6,가ᇢ,53
7,가ᇥ,2
8,가ᇦ,7
9,가ᇰ,255
10,가ᇱ,1
11,개ᇰ,3
12,갸ᇢ,68
13,갸ᇦ,60
14,갸ᇹ,24
15,거ᇙ,13
16,거ᇫ,12
17,거ᇰ,17
18,거ᇹ,24
19,겨ᇙ,237
20,겨ᇰ,2160
21,겨ᇱ,3
22,겨ᇹ,17
23,겨ᇿ,1
24,계ᇰ,1
25,고ᇙ,35
26,고ᇝ,4
27,고ᇢ,40
28,고ᇰ,1556
29,고ᇱ,1
30,과ᇇ,1
31,과ᇙ,3
32,과ᇢ,1
33,과ᇰ,691
34,과ᇹ,5
35,괴ᇰ,24
36,교ᇙ,5
37,교ᇢ,621
38,구ᇙ,1
39,구ᇢ,459
40,구ᇰ,140
41,구ᇹ,43
42,궈ᇇ,1
43,궈ᇙ,10
44,궈ᇹ,1
45,귀ᇹ,1
46,규ᇙ,2
47,규ᇰ,1
48,규ᇹ,3
49,그ᇙ,16
50,그ᇝ,13
51,그ᇟ,1
52,그ᇢ,90
53,그ᇫ,9
54,그ᇰ,13
55,그ᇹ,9
56,그ᇿ,1
57,긔ᇰ,1
58,긔ᇹ,7
59,기ᇙ,40
60,기ᇢ,15
61,기ᇰ,3
62,기ᇹ,14
63,ᄀᅶ,90
64,ᄀᅸ,63
65,ᄀᅺᆯ,1
66,ᄀᅻ,2
67,ᄀᅿ,4
68,ᄀᆂ,5
69,ᄀᆂᆯ,13
70,ᄀᆈ,658
71,ᄀᆈᆫ,6
72,ᄀᆉ,1
73,ᄀᆉᆼ,1
74,ᄀᆊ,1
75,ᄀᆌ,3
76,ᄀᆌᆫ,1
77,ᄀᆍ,18
78,ᄀᆎᆫ,2
79,ᄀᆏᆫ,2
80,ᄀᆏᇙ,3
81,ᄀᆐᆼ,2
82,ᄀᆑ,18
83,ᄀᆑᆫ,48
84,ᄀᆑᆼ,2
85,ᄀᆑᇙ,95
86,ᄀᆑᇰ,5
87,ᄀᆑᇹ,8
88,ᄀᆑퟛ,1
89,ᄀᆒᆼ,22
90,ᄀᆔ,140
91,ᄀᆔᆯ,3
92,ᄀᆔᆼ,7
93,ᄀᆕ,105
94,ᄀᆖᆫ,1
95,ᄀᆘ,1
96,ᄀᆛ,41
97,ᄀᆜ,1
98,ᄀᆝ,1
99,ᄀᆞ,9717
100,ᄀᆞᆨ,93
101,ᄀᆞᆫ,1665
102,ᄀᆞᆮ,2420
103,ᄀᆞᆯ,11023
104,ᄀᆞᆰ,2
105,ᄀᆞᆱ,1
106,ᄀᆞᆲ,31
107,ᄀᆞᆳ,11
108,ᄀᆞᆷ,432
109,ᄀᆞᆸ,2
110,ᄀᆞᆺ,9398
111,ᄀᆞᆼ,1
112,ᄀᆞᇀ,1
113,ᄀᆞᇇ,2
114,ᄀᆞᇓ,3
115,ᄀᆞᇣ,1
116,ᄀᆞᇫ,8
117,ᄀᆡ,3231
118,ᄀᆡᆨ,1366
119,ᄀᆡᆫ,6
120,ᄀᆡᆯ,3
121,ᄀᆡᆺ,53
122,ᄀᆡᆼ,270
123,ᄀᆡᇰ,19
124,ᄀᆦ,1
125,ᄀᆦᆫ,2
126,ᄀᆦᇰ,2
127,ᄀᆧ,1
128,ᄀힵᇰ,1
129,ᄀힹ,2
130,ᄀퟄ,1
131,ᄀퟅ,1
132,ᄀퟅᆹ,1
133,ᄁᅠ,3
134,까ᇰ,10
135,꺄ᇢ,20
136,꺼ᇙ,11
137,껴ᇰ,1
138,꼬ᇢ,1
139,꼬ᇰ,7
140,꽈ᇰ,4
141,꾜ᇢ,2
142,꾸ᇙ,18
143,꾸ᇢ,497
144,꾸ᇰ,103
145,꿔ᇙ,1
146,끄ᇙ,1
147,끄ᇢ,2
148,끄ᇰ,5
149,끠ᇰ,1
150,끼ᇢ,21
151,ᄁᆑ,5
152,ᄁᆑᆫ,8
153,ᄁᆑᇙ,1
154,ᄁᆑᇹ,5
155,ᄁᆔᆫ,1
156,ᄁᆔᆼ,2
157,ᄁᆞ,4
158,ᄁᆞᆫ,1
159,ᄁᆞᆺ,1
160,ᄁᆡ,6
161,ᄁힵᆫ,4
162,ᄂᅠ,78
163,나ᇙ,23
164,나ᇢ,20
165,나ᇫ,1
166,나ᇰ,11
167,나ᇹ,9
168,내ᇙ,1
169,냐ᇢ,12
170,냐ᇦ,1
171,냐ᇰ,16
172,너ᇙ,4
173,너ᇝ,9
174,너ᇰ,3
175,너ᇺ,1
176,녀ᇇ,1
177,녀ᇙ,323
178,녀ᇰ,34
179,녀ᇹ,10
180,녜ᇙ,1
181,노ᇢ,338
182,노ᇰ,7
183,뇨ᇙ,3
184,뇨ᇢ,2
185,뇨ᇰ,3
186,누ᇆ,3
187,누ᇇ,38
188,누ᇰ,8
189,누ᇹ,1
190,뉴ᇢ,16
191,뉴ᇰ,1
192,느ᇆ,1
193,느ᇇ,1
194,느ᇢ,7
195,느ᇰ,1672
196,느ᇹ,1
197,니ᇙ,14
198,니ᇝ,13
199,니ᇢ,55
200,니ᇫ,5
201,니ᇰ,2
202,ᄂᅶ,37
203,ᄂᅸ,20
204,ᄂᅺ,1
205,ᄂᅻ,1
206,ᄂᆈ,58
207,ᄂᆉ,3
208,ᄂᆏᆫ,1
209,ᄂᆔ,427
210,ᄂᆔᆫ,1
211,ᄂᆕ,5
212,ᄂᆖᆫ,1
213,ᄂᆛ,71
214,ᄂᆞ,21471
215,ᄂᆞᆨ,13
216,ᄂᆞᆫ,77018
217,ᄂᆞᆮ,8
218,ᄂᆞᆯ,12173
219,ᄂᆞᆰ,5
220,ᄂᆞᆲ,2
221,ᄂᆞᆳ,162
222,ᄂᆞᆷ,437
223,ᄂᆞᆸ,1
224,ᄂᆞᆺ,507
225,ᄂᆞᆻ,1
226,ᄂᆞᇂ,1
227,ᄂᆞᇗ,4
228,ᄂᆞᇙ,4
229,ᄂᆞᇢ,1
230,ᄂᆞᇫ,2
231,ᄂᆞᇰ,3
232,ᄂᆡ,15672
233,ᄂᆡᆨ,2
234,ᄂᆡᆫ,263
235,ᄂᆡᆯ,212
236,ᄂᆡᆷ,25
237,ᄂᆡᆸ,7
238,ᄂᆡᆺ,9
239,ᄂᆡᆼ,269
240,ᄂᆡᇰ,2
241,ᄂힶ,1
242,ᄂힹ,2
243,ᄂힹᇙ,1
244,ᄂퟄᆯ,1
245,ᄂퟄᆼ,1
246,ᄃᅠ,21
247,다ᇇ,1
248,다ᇙ,7
249,다ᇝ,1
250,다ᇢ,82
251,다ᇰ,476
252,다ᇹ,12
253,다ퟐ,1
254,댜ᇢ,25
255,댜ᇰ,244
256,댜ᇱ,2
257,더ᇝ,8
258,더ᇰ,10
259,더ᇹ,1
260,뎌ᇙ,1
261,뎌ᇰ,563
262,뎌ᇹ,12
263,뎨ᇰ,1
264,도ᇙ,7
265,도ᇢ,131
266,도ᇰ,293
267,되ᇰ,1
268,됴ᇢ,35
269,됴ᇰ,1
270,두ᇙ,8
271,두ᇢ,27
272,두ᇰ,12
273,두ᇹ,2
274,둬ᇹ,2
275,듀ᇙ,2
276,듀ᇢ,2
277,듀ᇰ,1721
278,듀ᇱ,1
279,드ᇎ,2
280,드ᇙ,9
281,드ᇝ,1
282,드ᇢ,38
283,드ᇣ,2
284,드ᇰ,925
285,듸ᇙ,1
286,듸ᇹ,27
287,디ᇢ,6
288,디ᇰ,9
289,디ᇹ,132
290,ᄃᅶ,248
291,ᄃᅶᆯ,1
292,ᄃᅸ,40
293,ᄃᅺ,1
294,ᄃᅻ,2
295,ᄃᅻᆫ,1
296,ᄃᅼᆫ,2
297,ᄃᅼᆺ,1
298,ᄃᆂ,13
299,ᄃᆂᆯ,1
300,ᄃᆈ,269
301,ᄃᆈᆫ,1
302,ᄃᆏᆫ,7
303,ᄃᆑᆫ,131
304,ᄃᆒᆫ,1
305,ᄃᆔ,20
306,ᄃᆔᆺ,1
307,ᄃᆔᆼ,1
308,ᄃᆕ,87
309,ᄃᆖᆫ,1
310,ᄃᆛ,5
311,ᄃᆜᆫ,1
312,ᄃᆞ,11238
313,ᄃᆞᆨ,423
314,ᄃᆞᆫ,1312
315,ᄃᆞᆮ,132
316,ᄃᆞᆯ,5023
317,ᄃᆞᆰ,281
318,ᄃᆞᆲ,264
319,ᄃᆞᆳ,18
320,ᄃᆞᆶ,1
321,ᄃᆞᆷ,145
322,ᄃᆞᆸ,5
323,ᄃᆞᆺ,3561
324,ᄃᆞᆼ,20
325,ᄃᆞᇃ,1
326,ᄃᆞᇎ,1
327,ᄃᆞᇙ,1
328,ᄃᆞᇣ,2
329,ᄃᆞᇩ,1
330,ᄃᆞᇫ,4
331,ᄃᆞᇰ,12
332,ᄃᆡ,61305
333,ᄃᆡᆨ,139
334,ᄃᆡᆫ,138
335,ᄃᆡᆯ,128
336,ᄃᆡᆷ,1
337,ᄃᆡᆸ,1
338,ᄃᆡᆺ,62
339,ᄃᆡᆼ,23
340,ᄃᆡᇰ,1
341,ᄃힹ,2
342,ᄃힺ,1
343,ᄃힺᆫ,2
344,ᄃퟅ,7
345,ᄃퟅᆯ,1
346,ᄄᅠ,4
347,따ᇐ,2
348,따ᇙ,122
349,따ᇢ,39
350,따ᇰ,87
351,따ᇹ,8
352,때ᇰ,5
353,땨ᇢ,29
354,땨ᇰ,311
355,떠ᇰ,5
356,뗘ᇰ,583
357,뗴ᇰ,2
358,또ᇙ,1
359,또ᇢ,1427
360,또ᇰ,269
361,똬ᇙ,3
362,똬ᇰ,32
363,뚀ᇢ,154
364,뚜ᇢ,161
365,뚜ᇰ,2
366,뚜ᇹ,10
367,뚸ᇹ,1
368,뜌ᇙ,5
369,뜌ᇢ,2
370,뜌ᇰ,118
371,뜨ᇢ,196
372,뜨ᇰ,9
373,뜨ᇹ,1
374,띄ᇹ,4
375,띠ᇙ,7
376,띠ᇰ,17
377,띠ᇹ,4
378,ᄄᅿ,4
379,ᄄᆂᇢ,1
380,ᄄᆏᆫ,2
381,ᄄᆑᆫ,115
382,ᄄᆔᆫ,1
383,ᄄᆛᆫ,1
384,ᄄᆞ,4
385,ᄄᆞᆫ,1
386,ᄄᆞᆯ,25
387,ᄄᆞᆺ,1
388,ᄄᆡ,37
389,ᄄᆡᆨ,92
390,ᄄᆡᆺ,2
391,ᄄᆡᆼ,110
392,ᄄퟅᆨ,1
393,ᄅᅠ,63
394,ᄅᅠᆯ,1
395,라ᇙ,1
396,라ᇢ,73
397,라ᇦ,31
398,라ᇫ,3
399,라ᇰ,257
400,라ᇹ,35
401,랴ᇢ,217
402,랴ᇦ,4
403,랴ᇰ,1134
404,러ᇰ,9
405,려ᇇ,2
406,려ᇙ,10
407,려ᇰ,302
408,려ᇹ,5
409,로ᇙ,57
410,로ᇢ,146
411,로ᇰ,61
412,료ᇙ,5
413,료ᇢ,96
414,료ᇰ,218
415,루ᇙ,4
416,루ᇝ,4
417,루ᇢ,276
418,루ᇰ,2
419,루ᇹ,36
420,뤼ᇰ,1
421,류ᇙ,53
422,류ᇢ,253
423,류ᇰ,10
424,류ᇹ,1
425,르ᇙ,4
426,르ᇝ,10
427,르ᇢ,42
428,르ᇰ,68
429,릐ᇰ,1
430,릐ᇹ,5
431,리ᇙ,1
432,리ᇢ,41
433,리ᇰ,38
434,리ᇹ,27
435,ᄅᅶ,143
436,ᄅᅸ,278
437,ᄅᅺ,1
438,ᄅᅺᆯ,1
439,ᄅᅻ,2
440,ᄅᅻᆯ,1
441,ᄅᆂ,8
442,ᄅᆂᆯ,1
443,ᄅᆇ,1
444,ᄅᆈ,16
445,ᄅᆍ,1
446,ᄅᆍᆯ,3
447,ᄅᆏᆼ,1
448,ᄅᆑ,1
449,ᄅᆑᆫ,3
450,ᄅᆑᆶ,1
451,ᄅᆑᆼ,1
452,ᄅᆑᇙ,29
453,ᄅᆔ,87
454,ᄅᆔᆼ,205
455,ᄅᆔᇰ,3
456,ᄅᆕ,39
457,ᄅᆕᇢ,1
458,ᄅᆖ,1
459,ᄅᆖᆯ,1
460,ᄅᆚᆯ,1
461,ᄅᆚᆼ,1
462,ᄅᆛ,71
463,ᄅᆞ,23016
464,ᄅᆞᆨ,2
465,ᄅᆞᆫ,2877
466,ᄅᆞᆮ,4
467,ᄅᆞᆯ,62528
468,ᄅᆞᆲ,1
469,ᄅᆞᆳ,31
470,ᄅᆞᆷ,13578
471,ᄅᆞᆸ,77
472,ᄅᆞᆺ,867
473,ᄅᆞᆼ,6
474,ᄅᆞᇗ,1
475,ᄅᆞᇙ,7
476,ᄅᆞᇜ,1
477,ᄅᆞᇝ,18
478,ᄅᆞퟝ,1
479,ᄅᆡ,5475
480,ᄅᆡᆨ,11
481,ᄅᆡᆫ,100
482,ᄅᆡᆯ,29
483,ᄅᆡᆺ,61
484,ᄅᆡᆼ,1510
485,ᄅᆡᇰ,12
486,ᄅힹ,1
487,ᄆᅠ,13
488,마ᇇ,3
489,마ᇙ,283
490,마ᇢ,100
491,마ᇫ,1
492,마ᇰ,763
493,먀ᇙ,1
494,먀ᇢ,8
495,먀ᇰ,1
496,머ᇙ,6
497,머ᇰ,21
498,머ᇹ,17
499,메ᇰ,1
500,며ᇙ,1061
501,며ᇰ,1598
502,며ᇹ,3
503,며ퟛ,1
504,몌ᇰ,1
505,모ᇙ,18
506,모ᇝ,24
507,모ᇢ,36
508,모ᇰ,62
509,묘ᇢ,987
510,무ᇇ,1
511,무ᇙ,282
512,무ᇝ,1
513,무ᇢ,159
514,무ᇰ,9
515,무ᇹ,94
516,뭐ᇹ,13
517,뮤ᇢ,4
518,뮤ᇰ,2
519,므ᇗ,2
520,므ᇙ,3
521,므ᇢ,5
522,므ᇰ,19
523,므ᇹ,1
524,믜ᇰ,1
525,믜ᇹ,20
526,미ᇙ,199
527,미ᇰ,22
528,미ᇹ,12
529,ᄆᅶ,148
530,ᄆᅸ,27
531,ᄆᅻ,1
532,ᄆᅿᆼ,1
533,ᄆᆂ,2
534,ᄆᆇ,1
535,ᄆᆈ,304
536,ᄆᆑᆫ,1
537,ᄆᆕ,9
538,ᄆᆖᆫ,1
539,ᄆᆚ,1
540,ᄆᆛ,3
541,ᄆᆛᇰ,1
542,ᄆᆞ,8182
543,ᄆᆞᆨ,4
544,ᄆᆞᆫ,2947
545,ᄆᆞᆮ,25
546,ᄆᆞᆯ,6645
547,ᄆᆞᆰ,301
548,ᄆᆞᆳ,6
549,ᄆᆞᆷ,1
550,ᄆᆞᆸ,1
551,ᄆᆞᆺ,1126
552,ᄆᆞᇙ,4
553,ᄆᆞᇰ,3
554,ᄆᆡ,17351
555,ᄆᆡᆨ,625
556,ᄆᆡᆫ,678
557,ᄆᆡᆯ,13
558,ᄆᆡᆷ,5
559,ᄆᆡᆸ,20
560,ᄆᆡᆺ,217
561,ᄆᆡᆼ,2391
562,ᄆᆡᇙ,1
563,ᄆᆡᇰ,411
564,ᄆힹ,2
565,ᄆퟅ,3
566,ᄆퟅᆼ,1
567,ᄆퟅᇰ,1
568,ᄇᅠ,14
569,바ᇙ,591
570,바ᇝ,11
571,바ᇢ,78
572,바ᇦ,7
573,바ᇰ,1215
574,바ᇱ,2
575,바ᇹ,20
576,배ᇰ,2
577,뱌ᇙ,1
578,뱌ᇢ,11
579,버ᇇ,3
580,버ᇙ,376
581,버ᇰ,25
582,벼ᇙ,386
583,벼ᇰ,161
584,벼ᇱ,4
585,벼ᇹ,4
586,볘ᇰ,1
587,보ᇙ,36
588,보ᇝ,20
589,보ᇢ,704
590,보ᇰ,135
591,뵈ᇙ,2
592,뵤ᇝ,1
593,뵤ᇢ,224
594,부ᇇ,2
595,부ᇙ,632
596,부ᇢ,26
597,부ᇰ,3
598,부ᇹ,96
599,붜ᇹ,4
600,뷔ᇙ,1
601,뷔ᇹ,4
602,뷰ᇙ,2
603,뷰ᇢ,2
604,브ᇙ,10
605,브ᇢ,6
606,브ᇰ,9
607,브ᇹ,2
608,븨ᇹ,14
609,비ᇇ,1
610,비ᇙ,57
611,비ᇦ,1
612,비ᇰ,33
613,비ᇱ,1
614,비ᇹ,29
615,ᄇᅶ,152
616,ᄇᅸ,34
617,ᄇᆂ,5
618,ᄇᆔ,3
619,ᄇᆖᆫ,2
620,ᄇᆚ,1
621,ᄇᆛ,1
622,ᄇᆞ,4122
623,ᄇᆞᆨ,1
624,ᄇᆞᆫ,83
625,ᄇᆞᆮ,7
626,ᄇᆞᆯ,1663
627,ᄇᆞᆰ,1593
628,ᄇᆞᆲ,92
629,ᄇᆞᆳ,3
630,ᄇᆞᆷ,1
631,ᄇᆞᆸ,1
632,ᄇᆞᆺ,19
633,ᄇᆞᆼ,1
634,ᄇᆞᇫ,17
635,ᄇᆟᆨ,1
636,ᄇᆡ,11969
637,ᄇᆡᆨ,12684
638,ᄇᆡᆩ,1
639,ᄇᆡᆫ,31
640,ᄇᆡᆯ,9
641,ᄇᆡᆺ,105
642,ᄇᆡᆼ,18
643,ᄇힺ,1
644,ᄇힺᇹ,1
645,ᄇퟅ,1
646,ᄇퟅᆼ,1
647,ᄈᅠ,4
648,ᄈᅠᆷ,2
649,빠ᇙ,36
650,빠ᇢ,22
651,빠ᇦ,8
652,빠ᇰ,22
653,빠ᇹ,4
654,뺘ᇢ,10
655,뺘ᇰ,1
656,뻐ᇙ,10
657,뻐ᇰ,11
658,뻐ᇹ,1
659,뼈ᇙ,102
660,뼈ᇰ,570
661,뼈ᇹ,5
662,뽀ᇙ,14
663,뽀ᇢ,11
664,뽀ᇰ,24
665,뿌ᇙ,1931
666,뿌ᇢ,70
667,뿌ᇹ,20
668,뿨ᇹ,1
669,쀼ᇙ,1
670,쁘ᇙ,25
671,쁘ᇢ,1
672,쁘ᇰ,2
673,쁴ᇹ,62
674,삐ᇙ,4
675,삐ᇢ,2
676,삐ᇦ,1
677,삐ᇰ,6
678,삐ᇹ,1
679,ᄈᆜᇹ,1
680,ᄈᆞ,8
681,ᄈᆞᆯ,4
682,ᄈᆞᆼ,1
683,ᄈᆞᇙ,6
684,ᄈᆡᆨ,114
685,ᄈᆡᆼ,71
686,ᄈᆡᇰ,2
687,ᄈힺᇹ,2
688,ᄉᅠ,4184
689,사ᇇ,1
690,사ᇙ,1456
691,사ᇢ,39
692,사ᇦ,4
693,사ᇫ,1
694,사ᇰ,80
695,사ᇹ,38
696,새ᇰ,3
697,샤ᇙ,3
698,샤ᇢ,85
699,샤ᇦ,1
700,샤ᇰ,2680
701,샤ᇱ,1
702,서ᇰ,52
703,서ᇹ,1
704,세ᇙ,1
705,셔ᇙ,8
706,셔ᇣ,1
707,셔ᇰ,2611
708,셔ᇹ,5
709,셰ᇰ,6
710,소ᇇ,98
711,소ᇙ,10
712,소ᇢ,16
713,소ᇰ,18
714,솨ᇰ,7
715,솨ᇹ,12
716,쇄ᇹ,2
717,쇼ᇙ,11
718,쇼ᇢ,404
719,쇼ᇰ,30
720,쇼ᇱ,4
721,수ᇙ,8
722,수ᇝ,1
723,수ᇢ,9
724,수ᇫ,1
725,수ᇰ,3
726,수ᇹ,13
727,숴ᇙ,1
728,슈ᇙ,3
729,슈ᇢ,516
730,슈ᇰ,7
731,슈ᇹ,2
732,스ᇇ,1
733,스ᇙ,8
734,스ᇢ,13
735,스ᇫ,135
736,스ᇰ,301
737,스ᇹ,4
738,싀ᇹ,8
739,시ᇇ,8
740,시ᇙ,157
741,시ᇢ,101
742,시ᇦ,1
743,시ᇫ,2
744,시ᇰ,263
745,시ᇹ,34
746,ᄉᅶ,53
747,ᄉᅸ,139
748,ᄉᅺ,3
749,ᄉᅻ,1
750,ᄉᅿ,1
751,ᄉᆀ,1
752,ᄉᆇ,2
753,ᄉᆇᆯ,1
754,ᄉᆈ,285
755,ᄉᆈᆫ,1
756,ᄉᆈᆯ,1
757,ᄉᆈᆺ,5
758,ᄉᆉᆼ,1
759,ᄉᆍ,1
760,ᄉᆏ,11
761,ᄉᆏᆫ,2
762,ᄉᆏᇙ,5
763,ᄉᆐᆼ,4
764,ᄉᆑ,118
765,ᄉᆑᆫ,32
766,ᄉᆑᆸ,1
767,ᄉᆑᆼ,1
768,ᄉᆑᇙ,375
769,ᄉᆑᇹ,30
770,ᄉᆒᆼ,64
771,ᄉᆒᇙ,1
772,ᄉᆓᆯ,1
773,ᄉᆔ,1841
774,ᄉᆔᆫ,15
775,ᄉᆔᆯ,4
776,ᄉᆔᆸ,38
777,ᄉᆔᆼ,151
778,ᄉᆕ,23
779,ᄉᆖᆯ,1
780,ᄉᆚᆯ,1
781,ᄉᆛ,182
782,ᄉᆝ,1
783,ᄉᆞ,68960
784,ᄉᆞᆨ,34
785,ᄉᆞᆫ,2293
786,ᄉᆞᆮ,2
787,ᄉᆞᆯ,6302
788,ᄉᆞᆰ,39
789,ᄉᆞᆱ,5
790,ᄉᆞᆲ,194
791,ᄉᆞᆳ,3
792,ᄉᆞᆷ,4220
793,ᄉᆞᆸ,1381
794,ᄉᆞᆺ,787
795,ᄉᆞᆼ,2137
796,ᄉᆞᇙ,1
797,ᄉᆞᇝ,34
798,ᄉᆞᇣ,1
799,ᄉᆞᇰ,42
800,ᄉᆟᆨ,1
801,ᄉᆟᆼ,1
802,ᄉᆡ,15434
803,ᄉᆡᆨ,5191
804,ᄉᆡᆫ,46
805,ᄉᆡᆯ,12
806,ᄉᆡᆰ,1
807,ᄉᆡᆷ,37
808,ᄉᆡᆺ,4
809,ᄉᆡᆼ,14364
810,ᄉᆡᇰ,2742
811,ᄉᆡᇱ,2
812,ᄉᆣᆷ,1
813,ᄉힰ,1
814,ᄉힵ,1
815,ᄉힸᆯ,1
816,ᄉퟄ,1
817,ᄉퟅ,4
818,ᄉퟅᇰ,3
819,ᄊᅠ,7
820,싸ᇙ,6
821,싸ᇢ,3
822,싸ᇦ,1
823,싸ᇰ,46
824,쌰ᇢ,3
825,쌰ᇦ,2
826,쌰ᇰ,1170
827,썌ᇰ,1
828,써ᇰ,6
829,쎠ᇙ,60
830,쎠ᇰ,425
831,쎠ᇹ,3
832,쏘ᇢ,1
833,쏘ᇰ,3
834,쑈ᇢ,4
835,쑈ᇰ,170
836,쑤ᇢ,9
837,쑤ᇹ,13
838,쒸ᇙ,1
839,쒸ᇰ,1
840,쓔ᇙ,34
841,쓔ᇢ,805
842,쓔ᇰ,9
843,쓔ᇹ,15
844,쓰ᇙ,2
845,쓰ᇢ,2
846,쓰ᇫ,52
847,씨ᇙ,1068
848,씨ᇢ,23
849,씨ᇫ,5
850,씨ᇰ,766
851,씨ᇹ,85
852,ᄊᅸ,64
853,ᄊᆏᆫ,1
854,ᄊᆑᆫ,43
855,ᄊᆑᆼ,2
856,ᄊᆑᇙ,1
857,ᄊᆔᆼ,194
858,ᄊᆔᇰ,1
859,ᄊᆞ,294
860,ᄊᆞᆨ,1
861,ᄊᆞᆫ,14
862,ᄊᆞᆯ,88
863,ᄊᆞᆷ,53
864,ᄊᆞᆸ,5
865,ᄊᆞᆺ,3
866,ᄊᆞᆼ,387
867,ᄊᆞᇝ,1
868,ᄊᆞᇰ,5
869,ᄊᆟ,1
870,ᄊᆡ,2096
871,ᄊᆡᆯ,1
872,ᄊᆡᆼ,4
873,ᄊᆦ,3
874,ᄊힵᆫ,1
875,ᄊퟅ,1
876,ᄋᅠ,19
877,아ᇇ,45
878,아ᇓ,2
879,아ᇙ,3
880,아ᇢ,3
881,아ᇫ,4
882,아ᇰ,97
883,아ᇱ,4
884,애ᇫ,1
885,야ᇝ,1
886,야ᇢ,25
887,야ᇦ,18
888,야ᇰ,826
889,야ᇹ,2
890,어ᇙ,2
891,여ᇇ,2
892,여ᇙ,2
893,여ᇫ,10
894,여ᇰ,75
895,여ᇹ,9
896,오ᇐ,2
897,오ᇙ,29
898,오ᇝ,3
899,오ᇢ,4
900,오ᇫ,1
901,오ᇰ,7
902,와ᇰ,82
903,외ᇙ,10
904,요ᇙ,7
905,요ᇢ,9
906,요ᇰ,451
907,우ᇇ,1
908,우ᇙ,11
909,우ᇝ,2
910,우ᇢ,34
911,우ᇫ,4
912,우ᇰ,8
913,우ᇹ,4
914,워ᇙ,7
915,워ᇰ,2
916,유ᇙ,2
917,유ᇢ,207
918,유ᇰ,11
919,유ᇹ,8
920,으ᇇ,2
921,으ᇐ,1
922,으ᇢ,9
923,으ᇰ,42
924,의ᇙ,1
925,의ᇰ,2
926,이ᇎ,1
927,이ᇙ,48
928,이ᇢ,58
929,이ᇰ,34
930,이ᇹ,17
931,ᄋᅶ,24
932,ᄋᅸ,147
933,ᄋᅻᆨ,1
934,ᄋᅻᆯ,2
935,ᄋᅼᆯ,1
936,ᄋᅽ,1
937,ᄋᅾ,4
938,ᄋᅿ,2
939,ᄋᅿᆫ,3
940,ᄋᅿᆯ,2
941,ᄋᆀᆺ,1
942,ᄋᆂ,2
943,ᄋᆇ,3
944,ᄋᆇᆯ,1
945,ᄋᆈ,54
946,ᄋᆎᆫ,2
947,ᄋᆎᆷ,1
948,ᄋᆏ,6
949,ᄋᆏᆫ,31
950,ᄋᆏᆼ,1
951,ᄋᆐ,2
952,ᄋᆑ,79
953,ᄋᆑᆫ,892
954,ᄋᆑᆼ,5
955,ᄋᆑᇙ,8
956,ᄋᆑᇰ,2
957,ᄋᆑᇹ,5
958,ᄋᆒᆼ,2
959,ᄋᆔ,352
960,ᄋᆔᆫ,2
961,ᄋᆔᆼ,78
962,ᄋᆔᇰ,1
963,ᄋᆕ,22
964,ᄋᆖᆫ,1
965,ᄋᆖᆯ,1
966,ᄋᆛ,239
967,ᄋᆝ,2
968,ᄋᆞ,9209
969,ᄋᆞᆨ,6
970,ᄋᆞᆫ,2847
971,ᄋᆞᆮ,1
972,ᄋᆞᆯ,4681
973,ᄋᆞᆲ,4
974,ᄋᆞᆳ,12
975,ᄋᆞᆷ,3606
976,ᄋᆞᆸ,1812
977,ᄋᆞᆺ,1
978,ᄋᆞᆼ,1
979,ᄋᆞᆽ,1
980,ᄋᆞᇙ,7
981,ᄋᆞᇫ,1
982,ᄋᆟ,1
983,ᄋᆟᆨ,1
984,ᄋᆡ,7383
985,ᄋᆡᆨ,1062
986,ᄋᆡᆫ,19
987,ᄋᆡᆯ,12
988,ᄋᆡᆷ,14
989,ᄋᆡᆸ,2
990,ᄋᆡᆺ,33
991,ᄋᆡᆼ,339
992,ᄋᆡᇰ,2
993,ᄋᆦ,2
994,ᄋᆦᆫ,1
995,ᄋᆧ,2
996,ᄋힵ,1
997,ᄋힵᆫ,7
998,ᄋힵᇰ,1
999,ᄋힹ,3
1000,ᄋힹᆯ,1
1001,ᄋힺ,1
1002,ᄋퟄ,19
1003,ᄋퟄᆺ,1
1004,ᄋퟅ,1
1005,ᄌᅠ,33
1006,자ᇇ,2
1007,자ᇙ,1
1008,자ᇝ,179
1009,자ᇢ,56
1010,자ᇦ,11
1011,자ᇰ,564
1012,자ᇹ,11
1013,재ᇹ,1
1014,쟈ᇢ,30
1015,쟈ᇦ,2
1016,쟈ᇰ,456
1017,쟈ᇱ,3
1018,저ᇙ,4
1019,저ᇰ,19
1020,저ᇹ,1
1021,져ᇇ,5
1022,져ᇙ,325
1023,져ᇰ,1637
1024,져ᇹ,24
1025,졔ᇰ,1
1026,조ᇙ,5
1027,조ᇢ,13
1028,조ᇰ,370
1029,좌ᇢ,2
1030,좌ᇦ,11
1031,죠ᇢ,94
1032,죠ᇰ,1051
1033,죠ᇱ,2
1034,주ᇇ,1
1035,주ᇙ,1
1036,주ᇢ,7
1037,주ᇰ,3
1038,주ᇹ,8
1039,쥬ᇢ,271
1040,쥬ᇰ,2151
1041,쥬ᇹ,4
1042,즈ᇙ,2
1043,즈ᇢ,44
1044,즈ᇫ,767
1045,즈ᇰ,90
1046,즤ᇹ,11
1047,지ᇐ,1
1048,지ᇙ,30
1049,지ᇢ,62
1050,지ᇫ,17
1051,지ᇰ,555
1052,지ᇹ,26
1053,ᄌᅶ,104
1054,ᄌᅸ,154
1055,ᄌᅻᆫ,2
1056,ᄌᅾ,1
1057,ᄌᆄᆫ,1
1058,ᄌᆇ,7
1059,ᄌᆇᆯ,1
1060,ᄌᆈ,84
1061,ᄌᆏ,3
1062,ᄌᆏᆫ,2
1063,ᄌᆏᆯ,2
1064,ᄌᆑ,12
1065,ᄌᆑᆫ,53
1066,ᄌᆑᇙ,3
1067,ᄌᆑᇹ,2
1068,ᄌᆔ,2695
1069,ᄌᆔᆫ,7
1070,ᄌᆔᆯ,2
1071,ᄌᆔᆼ,16
1072,ᄌᆕ,103
1073,ᄌᆖᆽ,1
1074,ᄌᆚ,1
1075,ᄌᆚᆼ,1
1076,ᄌᆛ,156
1077,ᄌᆞ,46235
1078,ᄌᆞᆨ,4128
1079,ᄌᆞᆫ,399
1080,ᄌᆞᆫ',1
1081,ᄌᆞᆯ,1252
1082,ᄌᆞᆲ,1
1083,ᄌᆞᆷ,870
1084,ᄌᆞᆸ,682
1085,ᄌᆞᆺ,694
1086,ᄌᆞᆻ,1
1087,ᄌᆞᆼ,1265
1088,ᄌᆞᆽ,2
1089,ᄌᆞᇙ,1
1090,ᄌᆞᇰ,8
1091,ᄌᆟᇙ,1
1092,ᄌᆡ,18354
1093,ᄌᆡᆨ,32
1094,ᄌᆡᆫ,99
1095,ᄌᆡᆯ,12
1096,ᄌᆡᆸ,1
1097,ᄌᆡᆺ,12
1098,ᄌᆡᆼ,501
1099,ᄌᆡᇰ,21
1100,ᄌᆦ,2
1101,ᄌힲ,1
1102,ᄌힵᆫ,1
1103,ᄌힺ,1
1104,ᄌퟄ,1
1105,ᄌퟅ,3
1106,ᄍᅠ,5
1107,짜ᇙ,1
1108,짜ᇢ,29
1109,짜ᇦ,3
1110,짜ᇰ,353
1111,짜ᇹ,18
1112,쨔ᇢ,36
1113,쨔ᇦ,27
1114,쨔ᇰ,10
1115,쨔ᇹ,1
1116,쩌ᇙ,1
1117,쩌ᇰ,13
1118,쩌ᇹ,2
1119,쪄ᇙ,3
1120,쪄ᇰ,1090
1121,쪄ᇹ,1
1122,쪼ᇢ,30
1123,쪼ᇰ,16
1124,쫘ᇰ,1
1125,쫘ᇹ,1
1126,쬬ᇢ,2
1127,쬬ᇰ,75
1128,쭈ᇢ,1
1129,쭈ᇹ,10
1130,쮜ᇹ,1
1131,쮸ᇢ,25
1132,쮸ᇰ,1
1133,쮸ᇹ,1
1134,쯔ᇢ,1
1135,쯔ᇫ,34
1136,쯔ᇰ,34
1137,쯰ᇹ,9
1138,찌ᇐ,1
1139,찌ᇙ,20
1140,찌ᇢ,14
1141,찌ᇫ,8
1142,찌ᇰ,12
1143,찌ᇹ,22
1144,ᄍᅿ,1
1145,ᄍᆏᆫ,2
1146,ᄍᆑᆫ,44
1147,ᄍᆑᇙ,6
1148,ᄍᆑᇹ,1
1149,ᄍᆜᇫ,1
1150,ᄍᆞ,28
1151,ᄍᆞᆯ,1
1152,ᄍᆞᆷ,2
1153,ᄍᆞᆸ,6
1154,ᄍᆞᆼ,888
1155,ᄍᆞᇰ,11
1156,ᄍᆡᆸ,1
1157,ᄍᆡᆼ,325
1158,ᄍᆡᇰ,1
1159,ᄍᆦᆼ,2
1160,ᄍힹᆼ,1
1161,ᄍퟅᇰ,2
1162,ᄎᅠ,6
1163,차ᇙ,125
1164,차ᇢ,62
1165,차ᇦ,5
1166,차ᇰ,66
1167,차ᇹ,16
1168,챠ᇢ,7
1169,챠ᇦ,12
1170,챠ᇰ,25
1171,처ᇫ,1
1172,처ᇰ,7
1173,쳐ᇙ,13
1174,쳐ᇰ,719
1175,쳐ᇹ,4
1176,쳐ퟍ,1
1177,쳬ᇰ,7
1178,초ᇢ,123
1179,초ᇰ,31
1180,촤ᇙ,1
1181,촤ᇦ,1
1182,촤ᇰ,14
1183,쵸ᇢ,7
1184,쵸ᇰ,5
1185,추ᇙ,10
1186,추ᇝ,2
1187,추ᇢ,3
1188,추ᇹ,2
1189,춰ᇹ,3
1190,츄ᇙ,153
1191,츄ᇢ,22
1192,츄ᇰ,20
1193,츄ᇹ,28
1194,츠ᇙ,3
1195,츠ᇢ,10
1196,츠ᇫ,28
1197,츠ᇰ,5
1198,츼ᇹ,3
1199,치ᇙ,324
1200,치ᇢ,30
1201,치ᇫ,3
1202,치ᇰ,31
1203,치ᇹ,60
1204,ᄎᅶ,142
1205,ᄎᅸ,107
1206,ᄎᅽ,1
1207,ᄎᅿ,1
1208,ᄎᆄᆫ,43
1209,ᄎᆇ,3
1210,ᄎᆈ,51
1211,ᄎᆈᆯ,1
1212,ᄎᆌ,1
1213,ᄎᆏ,6
1214,ᄎᆏᆫ,7
1215,ᄎᆏᆷ,2
1216,ᄎᆐ,61
1217,ᄎᆑ,4
1218,ᄎᆑᆫ,180
1219,ᄎᆑᆼ,1
1220,ᄎᆒ,15
1221,ᄎᆒᆼ,1
1222,ᄎᆔ,5409
1223,ᄎᆔᆫ,5
1224,ᄎᆔᆼ,54
1225,ᄎᆕ,14
1226,ᄎᆚ,1
1227,ᄎᆛ,84
1228,ᄎᆞ,15668
1229,ᄎᆞᆨ,18
1230,ᄎᆞᆫ,593
1231,ᄎᆞᆯ,2024
1232,ᄎᆞᆰ,1
1233,ᄎᆞᆷ,3085
1234,ᄎᆞᆸ,10
1235,ᄎᆞᆺ,1714
1236,ᄎᆞᆼ,193
1237,ᄎᆞᆽ,2
1238,ᄎᆞᇙ,5
1239,ᄎᆞᇢ,1
1240,ᄎᆞᇰ,1
1241,ᄎᆟ,1
1242,ᄎᆡ,4136
1243,ᄎᆡᆨ,3246
1244,ᄎᆡᆫ,7
1245,ᄎᆡᆯ,7
1246,ᄎᆡᆺ,19
1247,ᄎᆡᆼ,43
1248,ᄎᆣ,1
1249,ᄎᆤ,1
1250,ᄎᆦ,1
1251,ᄎힵᆫ,3
1252,ᄎퟄᆼ,1
1253,ᄎퟅᇹ,1
1254,ᄏᅠ,7
1255,카ᇙ,16
1256,카ᇢ,13
1257,카ᇰ,9
1258,캬ᇢ,9
1259,캬ᇦ,1
1260,캬ᇹ,1
1261,커ᇰ,2
1262,커ᇹ,1
1263,켜ᇙ,4
1264,켜ᇰ,112
1265,켜ᇹ,4
1266,코ᇙ,32
1267,코ᇢ,3
1268,코ᇰ,1108
1269,코ᇱ,1
1270,콰ᇰ,7
1271,쿄ᇢ,26
1272,쿠ᇙ,5
1273,쿠ᇢ,319
1274,쿠ᇹ,6
1275,쿼ᇙ,15
1276,쿼ᇹ,1
1277,퀴ᇙ,1
1278,퀴ᇹ,1
1279,큐ᇢ,1
1280,큐ᇹ,14
1281,크ᇙ,13
1282,크ᇢ,61
1283,크ᇰ,4
1284,킈ᇰ,1
1285,킈ᇹ,14
1286,키ᇙ,28
1287,키ᇢ,2
1288,키ᇹ,1
1289,ᄏᅶ,34
1290,ᄏᅸ,31
1291,ᄏᅺ,17
1292,ᄏᅻ,2
1293,ᄏᆍ,1
1294,ᄏᆍᆯ,1
1295,ᄏᆑ,17
1296,ᄏᆑᆫ,40
1297,ᄏᆑᇙ,3
1298,ᄏᆑᇰ,1
1299,ᄏᆑᇹ,9
1300,ᄏᆔ,1
1301,ᄏᆕ,101
1302,ᄏᆛ,11
1303,ᄏᆞ,1014
1304,ᄏᆞᆨ,1
1305,ᄏᆞᆮ,21
1306,ᄏᆞᆯ,17
1307,ᄏᆞᆺ,603
1308,ᄏᆟ,1
1309,ᄏᆡ,136
1310,ᄏᆡᆨ,27
1311,ᄏᆡᆫ,1
1312,ᄏᆡᆯ,1
1313,ᄏᆡᆼ,1
1314,ᄏᆡᇰ,1
1315,ᄏᆦᆼ,2
1316,ᄏᆧᆼ,1
1317,ᄏힹᆼ,1
1318,ᄏퟄᆸ,1
1319,ᄐᅠ,5
1320,타ᇙ,56
1321,타ᇢ,24
1322,타ᇦ,10
1323,타ᇫ,2
1324,타ᇰ,65
1325,타ᇹ,15
1326,탸ᇢ,19
1327,탸ᇰ,16
1328,터ᇙ,2
1329,터ᇱ,2
1330,터ᇹ,5
1331,테ᇰ,1
1332,텨ᇙ,29
1333,텨ᇰ,52
1334,텨ᇹ,69
1335,토ᇙ,1
1336,토ᇢ,21
1337,토ᇰ,825
1338,톼ᇙ,246
1339,툐ᇢ,3
1340,투ᇙ,10
1341,투ᇢ,15
1342,투ᇹ,4
1343,퉈ᇹ,3
1344,튜ᇙ,1
1345,튜ᇢ,1
1346,튜ᇰ,6
1347,트ᇙ,1
1348,트ᇢ,13
1349,트ᇰ,4
1350,틔ᇰ,4
1351,틔ᇹ,5
1352,티ᇙ,5
1353,티ᇢ,1
1354,티ᇰ,8
1355,티ᇹ,8
1356,ᄐᅶ,64
1357,ᄐᅸ,71
1358,ᄐᅻ,3
1359,ᄐᅻᆮ,1
1360,ᄐᅿ,1
1361,ᄐᆂ,2
1362,ᄐᆂᆯ,2
1363,ᄐᆈ,2
1364,ᄐᆐ,1
1365,ᄐᆔ,1
1366,ᄐᆕ,241
1367,ᄐᆞ,2857
1368,ᄐᆞᆨ,22
1369,ᄐᆞᆫ,1626
1370,ᄐᆞᆮ,1
1371,ᄐᆞᆯ,148
1372,ᄐᆞᆰ,4
1373,ᄐᆞᆷ,15
1374,ᄐᆞᆺ,891
1375,ᄐᆟᆨ,7
1376,ᄐᆡ,4072
1377,ᄐᆡᆨ,1852
1378,ᄐᆡᆯ,2
1379,ᄐᆡᆺ,3
1380,ᄐᆡᆼ,94
1381,ᄐᆡᇰ,7
1382,ᄐힹᇙ,1
1383,ᄑᅠ,10
1384,파ᇙ,8
1385,파ᇢ,17
1386,파ᇰ,10
1387,파ᇹ,1
1388,패ᇰ,1
1389,퍄ᇢ,8
1390,퍠ᇰ,1
1391,펴ᇇ,1
1392,펴ᇙ,1
1393,펴ᇰ,48
1394,펴ᇹ,3
1395,폐ᇰ,1
1396,포ᇢ,3
1397,포ᇰ,37
1398,표ᇢ,15
1399,푸ᇙ,9
1400,푸ᇢ,2
1401,푸ᇰ,46
1402,푸ᇱ,8
1403,풔ᇹ,2
1404,퓨ᇢ,1
1405,프ᇙ,2
1406,프ᇰ,4
1407,프ퟝ,1
1408,픠ᇹ,6
1409,피ᇙ,2
1410,피ᇰ,4
1411,피ᇹ,4
1412,ᄑᅶ,43
1413,ᄑᅸ,26
1414,ᄑᅻ,12
1415,ᄑᅿ,1
1416,ᄑᆂ,1
1417,ᄑᆈ,135
1418,ᄑᆕ,4
1419,ᄑᆖᆯ,1
1420,ᄑᆛ,1
1421,ᄑᆞ,405
1422,ᄑᆞᆫ,141
1423,ᄑᆞᆯ,270
1424,ᄑᆞᆳ,1
1425,ᄑᆞᆶ,1
1426,ᄑᆞᆷ,1
1427,ᄑᆞᆺ,41
1428,ᄑᆞᇰ,1
1429,ᄑᆡ,1928
1430,ᄑᆡᆨ,13
1431,ᄑᆡᆫ,17
1432,ᄑᆡᆺ,244
1433,ᄑᆡᆼ,226
1434,ᄑᆡᇰ,1
1435,ᄑퟄ,1
1436,ᄒᅠ,46
1437,하ᇙ,13
1438,하ᇢ,36
1439,하ᇰ,29
1440,해ᇫ,1
1441,해ᇰ,1
1442,햐ᇢ,14
1443,햐ᇰ,872
1444,햐ᇹ,4
1445,허ᇙ,12
1446,허ᇰ,12
1447,허ᇹ,9
1448,혀ᇙ,2
1449,혀ᇰ,28
1450,혀ᇹ,5
1451,호ᇙ,175
1452,호ᇢ,46
1453,호ᇰ,51
1454,화ᇰ,136
1455,화ᇱ,9
1456,홰ᇹ,1
1457,회ᇰ,12
1458,효ᇢ,13
1459,후ᇙ,1
1460,후ᇝ,2
1461,후ᇢ,8
1462,후ᇰ,2
1463,훠ᇙ,2
1464,훠ᇹ,2
1465,휴ᇙ,2
1466,휴ᇢ,54
1467,휴ᇰ,17
1468,흐ᇙ,10
1469,흐ᇢ,2
1470,흐ᇰ,19
1471,희ᇫ,2
1472,희ᇰ,2
1473,희ᇹ,25
1474,히ᇙ,1
1475,히ᇝ,5
1476,히ᇢ,3
1477,히ᇰ,8
1478,히ᇹ,3
1479,ᄒᅶ,159
1480,ᄒᅸ,23
1481,ᄒᅻ,1
1482,ᄒᅻᆫ,1
1483,ᄒᅿ,5
1484,ᄒᅿᇹ,1
1485,ᄒᆂ,10
1486,ᄒᆂᆯ,1
1487,ᄒᆄᆼ,3
1488,ᄒᆈ,245
1489,ᄒᆈᆫ,1
1490,ᄒᆉ,4
1491,ᄒᆊ,2
1492,ᄒᆌ,1
1493,ᄒᆏ,3
1494,ᄒᆏᆫ,4
1495,ᄒᆐᆼ,1
1496,ᄒᆑ,40
1497,ᄒᆑᆫ,15
1498,ᄒᆑᆼ,2
1499,ᄒᆑᇙ,15
1500,ᄒᆑᇰ,2
1501,ᄒᆑᇹ,2
1502,ᄒᆒᆼ,2
1503,ᄒᆔ,84
1504,ᄒᆕ,94
1505,ᄒᆛ,11
1506,ᄒᆜᆼ,1
1507,ᄒᆞ,424143
1508,ᄒᆞᆨ,2996
1509,ᄒᆞᆫ,61498
1510,ᄒᆞᆯ,20850
1511,ᄒᆞᆰ,137
1512,ᄒᆞᆳ,3
1513,ᄒᆞᆷ,4033
1514,ᄒᆞᆸ,20
1515,ᄒᆞᆺ,6
1516,ᄒᆞᆼ,584
1517,ᄒᆞᇀ,1
1518,ᄒᆞᇎ,53
1519,ᄒᆞᇙ,143
1520,ᄒᆞᇰ,14
1521,ᄒᆠᇢ,1
1522,ᄒᆡ,14902
1523,ᄒᆡᆨ,657
1524,ᄒᆡᆫ,200
1525,ᄒᆡᆮ,2
1526,ᄒᆡᆯ,25
1527,ᄒᆡᆺ,77
1528,ᄒᆡᆼ,12522
1529,ᄒᆡᇙ,2
1530,ᄒᆡᇰ,232
1531,ᄒᆦ,2
1532,ᄒᆦᆫ,1
1533,ᄒᆦᆼ,3
1534,ᄒᆦᇰ,1
1535,ᄒᆦᇱ,1
1536,ᄒힵ,2
1537,ᄒힵᆫ,1
1538,ᄒힹ,4
1539,ᄒힹᆼ,3
1540,ᄒힺᆫ,1
1541,ᄒힺᇙ,1
1542,ᄒힼᆫ,1
1543,ᄒퟄ,1
1544,ᄒퟅ,3
1545,ᄒퟅᆨ,1
1546,ᄒퟅᇰ,1
1547,ᄔᆞ,2
1548,ᄔᆞᆫ,1
1549,ᄙᅠ,2
1550,ᄝᅠ,2
1551,ᄝᅡᆫ,1
1552,ᄝᅡᆼ,29
1553,ᄝᅩᆫ,1
1554,ᄝᅪᆫ,15
1555,ᄝᅪᆼ,6
1556,ᄝᅪᇹ,4
1557,ᄝᅮ,16
1558,ᄝᅮᆫ,3
1559,ᄝᅮᇹ,4
1560,ᄝᅱ,11
1561,ᄝᅳᆫ,27
1562,ᄝᅵ,7
1563,ᄞᅢ,2
1564,ᄞᅢᆫ,1
1565,ᄞᅥ,1
1566,ᄞᅥᆨ,2
1567,ᄞᅥᆺ,1
1568,ᄞᅧ,9
1569,ᄞᅩᆺ,1
1570,ᄞᅮᆯ,1
1571,ᄞᅰ,3
1572,ᄞᅳ,1
1573,ᄞᅳᆯ,3
1574,ᄞᅳᆺ,1
1575,ᄞᅴ,7
1576,ᄞᅵ,22
1577,ᄞᆞ,1
1578,ᄞᆞᆯ,1
1579,ᄞᆡ,3
1580,ᄞᆡᆫ,1
1581,ᄠᅡ,7
1582,ᄠᅡᆯ,3
1583,ᄠᅢ,28
1584,ᄠᅥ,269
1585,ᄠᅥᆨ,1
1586,ᄠᅥᆫ,1
1587,ᄠᅥᆯ,13
1588,ᄠᅥᆲ,2
1589,ᄠᅦ,12
1590,ᄠᅧ,12
1591,ᄠᅨ,1
1592,ᄠᅩ,13
1593,ᄠᅩᆮ,2
1594,ᄠᅩᆯ,1
1595,ᄠᅩᆼ,1
1596,ᄠᅬᆺ,1
1597,ᄠᅮ,8
1598,ᄠᅮᆨ,2
1599,ᄠᅮᆯ,3
1600,ᄠᅮᆲ,2
1601,ᄠᅱ,59
1602,ᄠᅱᆯ,2
1603,ᄠᅲᆮ,1
1604,ᄠᅳ,1159
1605,ᄠᅳᆫ,37
1606,ᄠᅳᆮ,216
1607,ᄠᅳᆯ,23
1608,ᄠᅳᆲ,1
1609,ᄠᅳᆳ,1
1610,ᄠᅳᆷ,4
1611,ᄠᅳᆺ,212
1612,ᄠᅴ,28
1613,ᄠᅵ,26
1614,ᄠᅵᆨ,1
1615,ᄠᅵᆫ,4
1616,ᄠᅵᆯ,3
1617,ᄠᆖᆮ,1
1618,ᄠᆞ,43
1619,ᄠᆞᆫ,5
1620,ᄠᆞᆯ,1
1621,ᄠᆟ,1
1622,ᄠᆡ,113
1623,ᄠᆡᆫ,1
1624,ᄠᆡᆺ,3
1625,ᄡᅡ,629
1626,ᄡᅡᆨ,1
1627,ᄡᅡᆫ,1
1628,ᄡᅡᆯ,8
1629,ᄡᅡᆷ,1
1630,ᄡᅡᆸ,1
1631,ᄡᅡᆺ,6
1632,ᄡᅡᆼ,846
1633,ᄡᅢ,4
1634,ᄡᅢᆯ,1
1635,ᄡᅢᆷ,2
1636,ᄡᅣ,3
1637,ᄡᅣᆼ,150
1638,ᄡᅥ,11949
1639,ᄡᅥᆨ,17
1640,ᄡᅥᆫ,4
1641,ᄡᅥᆯ,3
1642,ᄡᅥᆷ,13
1643,ᄡᅥᆸ,6
1644,ᄡᅥᆺ,71
1645,ᄡᅦ,56
1646,ᄡᅦᆫ,11
1647,ᄡᅦᆯ,1
1648,ᄡᅧ,1280
1649,ᄡᅧᆨ,4
1650,ᄡᅧᆯ,2
1651,ᄡᅧᆷ,2
1652,ᄡᅧᆺ,14
1653,ᄡᅧᆼ,1
1654,ᄡᅨ,3
1655,ᄡᅩ,231
1656,ᄡᅩᆫ,6
1657,ᄡᅩᆯ,7
1658,ᄡᅩᆺ,1
1659,ᄡᅬ,11
1660,ᄡᅮ,139
1661,ᄡᅮᆨ,41
1662,ᄡᅮᆫ,6
1663,ᄡᅮᆯ,12
1664,ᄡᅮᆷ,4
1665,ᄡᅮᆺ,5
1666,ᄡᅮᇙ,3
1667,ᄡᅲ,8
1668,ᄡᅲᆨ,1
1669,ᄡᅳ,2039
1670,ᄡᅳᆫ,230
1671,ᄡᅳᆯ,281
1672,ᄡᅳᆷ,12
1673,ᄡᅳᆺ,18
1674,ᄡᅳᇙ,1
1675,ᄡᅴ,32
1676,ᄡᅴᆨ,10
1677,ᄡᅵ,355
1678,ᄡᅵᆨ,6
1679,ᄡᅵᆷ,1
1680,ᄡᅵᆸ,4
1681,ᄡᅵᆺ,84
1682,ᄡᅵᆼ,3
1683,ᄡᅵᇰ,7
1684,ᄡᆞ,637
1685,ᄡᆞᆫ,42
1686,ᄡᆞᆯ,223
1687,ᄡᆞᆳ,3
1688,ᄡᆞᆷ,10
1689,ᄡᆞᆸ,1
1690,ᄡᆞᆺ,8
1691,ᄡᆡ,7
1692,ᄡퟅᆼ,1
1693,ᄢᅠ,1
1694,ᄢᅡ,3
1695,ᄢᅢ,15
1696,ᄢᅢᆺ,2
1697,ᄢᅤ,1
1698,ᄢᅥ,27
1699,ᄢᅦ,23
1700,ᄢᅦᆯ,3
1701,ᄢᅧ,8
1702,ᄢᅨᆺ,1
1703,ᄢᅬ,1
1704,ᄢᅮ,16
1705,ᄢᅮᆯ,42
1706,ᄢᅱ,2
1707,ᄢᅳ,64
1708,ᄢᅳᆫ,3
1709,ᄢᅳᆯ,9
1710,ᄢᅴ,608
1711,ᄢᅴᆫ,3
1712,ᄢᅴᆺ,6
1713,ᄢᅵ,77
1714,ᄢᅵᆨ,1
1715,ᄢᅵᆯ,2
1716,ᄢᅵᆽ,1
1717,ᄢᆞ,2
1718,ᄢᆞᆯ,1
1719,ᄢᆡ,1
1720,ᄢힺ,2
1721,ᄣᅢ,8
1722,ᄣᅬ,1
1723,ᄣᅲ,1
1724,ᄣᅳ,1
1725,ᄣᅵ,5
1726,ᄣᅵᆯ,7
1727,ᄣᆞ,17
1728,ᄥᅣᆼ,1
1729,ᄥᅥ,1
1730,ᄧᅡ,37
1731,ᄧᅡᆨ,71
1732,ᄧᅡᇰ,1
1733,ᄧᅢ,3
1734,ᄧᅣᆼ,2
1735,ᄧᅥ,14
1736,ᄧᅥᆨ,1
1737,ᄧᅧ,9
1738,ᄧᅩ,86
1739,ᄧᅩᆨ,19
1740,ᄧᅩᆫ,34
1741,ᄧᅩᆺ,70
1742,ᄧᅪᆯ,1
1743,ᄧᅪᇰ,1
1744,ᄧᅬ,48
1745,ᄧᅬᆯ,4
1746,ᄧᅮᆯ,2
1747,ᄧᅳ,33
1748,ᄧᅳᆨ,1
1749,ᄧᅳᆫ,11
1750,ᄧᅳᆯ,1
1751,ᄧᅳᆷ,1
1752,ᄧᅳᆺ,18
1753,ᄧᅴ,10
1754,ᄧᅴᆼ,3
1755,ᄧᅵ,71
1756,ᄧᅵᆨ,9
1757,ᄧᅵᆫ,4
1758,ᄧᅵᆯ,2
1759,ᄧᅵᆷ,1
1760,ᄧᅵᆺ,5
1761,ᄧᅵᆼ,61
1762,ᄧᆞ,182
1763,ᄧᆞᆨ,31
1764,ᄧᆞᆫ,11
1765,ᄧᆞᆮ,1
1766,ᄧᆞᆯ,4
1767,ᄧᆡ,29
1768,ᄧᆡᆫ,1
1769,ᄧᆡᆼ,2
1770,ᄨᆞᆯ,1
1771,ᄩᅡ,13
1772,ᄩᅥ,4
1773,ᄩᅥᆯ,1
1774,ᄩᅮ,1
1775,ᄩᅮᆨ,1
1776,ᄩᅱ,6
1777,ᄩᅳ,1
1778,ᄩᅵ,7
1779,ᄩᅵᆺ,1
1780,ᄩᆞ,3
1781,ᄩᆞᆯ,2
1782,ᄪᅧ,1
1783,ᄪᅳ,1
1784,ᄫᅠ,4
1785,ᄫᅡ,563
1786,ᄫᅡᆫ,101
1787,ᄫᅡᆯ,1
1788,ᄫᅡᆺ,4
1789,ᄫᅡᆼ,197
1790,ᄫᅡᇹ,30
1791,ᄫᅢᆺ,13
1792,ᄫᅥ,17
1793,ᄫᅦ,1
1794,ᄫᅧ,1
1795,ᄫᅧᆨ,3
1796,ᄫᅨᆺ,1
1797,ᄫᅩ,203
1798,ᄫᅩᆫ,6
1799,ᄫᅩᆯ,3
1800,ᄫᅩᆷ,4
1801,ᄫᅩᇙ,2
1802,ᄫᅪ,6
1803,ᄫᅬ,2
1804,ᄫᅮ,300
1805,ᄫᅮᆫ,3
1806,ᄫᅮᆷ,10
1807,ᄫᅮᆼ,230
1808,ᄫᅮᇹ,13
1809,ᄫᅱ,2
1810,ᄫᅳ,53
1811,ᄫᅳᆫ,203
1812,ᄫᅳᆯ,31
1813,ᄫᅳᆳ,1
1814,ᄫᅳᆷ,2
1815,ᄫᅳᇢ,1
1816,ᄫᅳᇫ,1
1817,ᄫᅴ,33
1818,ᄫᅵ,139
1819,ᄫᅵᆼ,1
1820,ᄫᅵᇹ,1
1821,ᄫᆕ,12
1822,ᄫᆞ,327
1823,ᄫᆞᆫ,67
1824,ᄫᆞᆯ,26
1825,ᄫᆞᇙ,6
1826,ᄫᆡ,15
1827,ᄫᆡᆫ,21
1828,ᄫᆡᆯ,3
1829,ᄬᅠ,2
1830,ᄬᅡᆫ,24
1831,ᄬᅡᆼ,48
1832,ᄬᅡᇹ,6
1833,ᄬᅩᆫ,2
1834,ᄬᅮ,23
1835,ᄬᅮᆫ,3
1836,ᄬᅮᆼ,22
1837,ᄬᅮᇹ,20
1838,ᄬᅳᆫ,10
1839,ᄬᅳᆼ,2
1840,ᄬᅳᇢ,8
1841,ᄬᅴ,1
1842,ᄬᅵ,2
1843,ᄬᅵᇹ,1
1844,ᄭᅡ,207
1845,ᄭᅡᆨ,131
1846,ᄭᅡᆫ,96
1847,ᄭᅡᆯ,26
1848,ᄭᅡᆷ,9
1849,ᄭᅡᆸ,2
1850,ᄭᅡᆺ,16
1851,ᄭᅡᆼ,8
1852,ᄭᅢ,93
1853,ᄭᅢᆫ,1
1854,ᄭᅢᆯ,1
1855,ᄭᅢᆺ,3
1856,ᄭᅥ,361
1857,ᄭᅥᆨ,155
1858,ᄭᅥᆩ,1
1859,ᄭᅥᆫ,1
1860,ᄭᅥᆯ,9
1861,ᄭᅥᆸ,8
1862,ᄭᅥᆺ,52
1863,ᄭᅥᆼ,1
1864,ᄭᅦ,197
1865,ᄭᅦᆫ,9
1866,ᄭᅦᆺ,2
1867,ᄭᅧ,178
1868,ᄭᅧᆯ,6
1869,ᄭᅧᆸ,1
1870,ᄭᅧᆺ,3
1871,ᄭᅨ,6
1872,ᄭᅩ,360
1873,ᄭᅩᆨ,60
1874,ᄭᅩᆫ,1
1875,ᄭᅩᆮ,5
1876,ᄭᅩᆯ,37
1877,ᄭᅩᆳ,1
1878,ᄭᅩᆷ,13
1879,ᄭᅩᆸ,24
1880,ᄭᅩᆺ,451
1881,ᄭᅩᆼ,8
1882,ᄭᅪ,3
1883,ᄭᅪᆨ,4
1884,ᄭᅪᆫ,2
1885,ᄭᅪᆯ,1
1886,ᄭᅫ,4
1887,ᄭᅫᆨ,1
1888,ᄭᅬ,769
1889,ᄭᅬᆨ,1
1890,ᄭᅬᆫ,1
1891,ᄭᅬᆯ,3
1892,ᄭᅭ,1
1893,ᄭᅭᆷ,2
1894,ᄭᅭᆺ,1
1895,ᄭᅮ,1185
1896,ᄭᅮᆨ,3
1897,ᄭᅮᆫ,7
1898,ᄭᅮᆯ,158
1899,ᄭᅮᆷ,382
1900,ᄭᅮᆸ,5
1901,ᄭᅮᆺ,7
1902,ᄭᅮᆼ,1
1903,ᄭᅯ,8
1904,ᄭᅯᆼ,48
1905,ᄭᅯᇰ,1
1906,ᄭᅰ,14
1907,ᄭᅱ,31
1908,ᄭᅱᆼ,3
1909,ᄭᅲ,5
1910,ᄭᅲᆷ,1
1911,ᄭᅳ,481
1912,ᄭᅳᆫ,580
1913,ᄭᅳᆮ,1
1914,ᄭᅳᆯ,179
1915,ᄭᅳᆳ,1
1916,ᄭᅳᆷ,11
1917,ᄭᅳᆺ,840
1918,ᄭᅳᆼ,8
1919,ᄭᅴ,1182
1920,ᄭᅴᆨ,1
1921,ᄭᅴᆫ,1
1922,ᄭᅴᆺ,1
1923,ᄭᅵ,611
1924,ᄭᅵᆨ,6
1925,ᄭᅵᆫ,62
1926,ᄭᅵᆯ,22
1927,ᄭᅵᆷ,8
1928,ᄭᅵᆺ,53
1929,ᄭᆈ,1
1930,ᄭᆜ,1
1931,ᄭᆞ,571
1932,ᄭᆞᆨ,10
1933,ᄭᆞᆫ,3
1934,ᄭᆞᆮ,1
1935,ᄭᆞᆯ,53
1936,ᄭᆞᆺ,10
1937,ᄭᆡ,1686
1938,ᄭᆡᆨ,2
1939,ᄭᆡᆫ,19
1940,ᄭᆡᆯ,10
1941,ᄭᆡᆺ,3
1942,ᄭᆡᇙ,1
1943,ᄭퟄ,1
1944,ᄭퟅ,1
1945,ᄭퟅᆨ,2
1946,ᄮᅡ,3
1947,ᄮᅩ,1
1948,ᄯᅡ,2619
1949,ᄯᅡᆨ,16
1950,ᄯᅡᆫ,34
1951,ᄯᅡᆯ,51
1952,ᄯᅡᆷ,28
1953,ᄯᅡᆸ,1
1954,ᄯᅡᆺ,39
1955,ᄯᅡᆼ,47
1956,ᄯᅢ,2401
1957,ᄯᅢᆨ,3
1958,ᄯᅢᆫ,7
1959,ᄯᅢᆯ,4
1960,ᄯᅣ,2
1961,ᄯᅥ,2104
1962,ᄯᅥᆨ,148
1963,ᄯᅥᆫ,14
1964,ᄯᅥᆯ,311
1965,ᄯᅥᆲ,2
1966,ᄯᅥᆸ,1
1967,ᄯᅥᆺ,55
1968,ᄯᅥᆼ,1
1969,ᄯᅦ,134
1970,ᄯᅦᆺ,1
1971,ᄯᅧ,6
1972,ᄯᅧᆫ,1
1973,ᄯᅨ,1
1974,ᄯᅩ,16859
1975,ᄯᅩᆨ,20
1976,ᄯᅩᆫ,1
1977,ᄯᅩᆯ,5
1978,ᄯᅩᆸ,3
1979,ᄯᅩᆼ,117
1980,ᄯᅩᇰ,119
1981,ᄯᅩᇱ,2
1982,ᄯᅬ,4
1983,ᄯᅬᆫ,2
1984,ᄯᅬᆺ,1
1985,ᄯᅭ,1
1986,ᄯᅮ,104
1987,ᄯᅮᆨ,22
1988,ᄯᅮᆯ,54
1989,ᄯᅮᆲ,10
1990,ᄯᅮᆼ,4
1991,ᄯᅱ,317
1992,ᄯᅱᆫ,1
1993,ᄯᅱᆯ,16
1994,ᄯᅲᇰ,1
1995,ᄯᅳ,352
1996,ᄯᅳᆨ,11
1997,ᄯᅳᆫ,52
1998,ᄯᅳᆮ,17
1999,ᄯᅳᆯ,224
2000,ᄯᅳᆷ,32
2001,ᄯᅳᆺ,4622
2002,ᄯᅳᇰ,2
2003,ᄯᅴ,635
2004,ᄯᅴᆫ,7
2005,ᄯᅴᆯ,5
2006,ᄯᅴᆺ,8
2007,ᄯᅵ,173
2008,ᄯᅵᆨ,9
2009,ᄯᅵᆫ,3
2010,ᄯᅵᆯ,4
2011,ᄯᅵᆺ,6
2012,ᄯᅵᆼ,1
2013,ᄯᆔ,1
2014,ᄯᆞ,2063
2015,ᄯᆞᆫ,26
2016,ᄯᆞᆯ,935
2017,ᄯᆞᆰ,1
2018,ᄯᆞᆷ,61
2019,ᄯᆞᆺ,3
2020,ᄯᆞᆼ,2
2021,ᄯᆡ,3136
2022,ᄯᆡᆫ,10
2023,ᄯᆡᆼ,1
2024,ᄱᅡ,1
2025,ᄱᅦ,1
2026,ᄱᅩ,2
2027,ᄱᆞᆯ,1
2028,ᄲᅡ,634
2029,ᄲᅡᆨ,7
2030,ᄲᅡᆫ,4
2031,ᄲᅡᆮ,1
2032,ᄲᅡᆯ,84
2033,ᄲᅡᆷ,26
2034,ᄲᅡᆸ,1
2035,ᄲᅡᆺ,5
2036,ᄲᅡᆼ,3
2037,ᄲᅢ,60
2038,ᄲᅢᆨ,28
2039,ᄲᅢᆷ,3
2040,ᄲᅢᆺ,1
2041,ᄲᅢᆼ,1
2042,ᄲᅣ,2
2043,ᄲᅣᆷ,17
2044,ᄲᅥ,33
2045,ᄲᅥᆨ,4
2046,ᄲᅥᆫ,6
2047,ᄲᅥᆺ,25
2048,ᄲᅦ,12
2049,ᄲᅦᆯ,1
2050,ᄲᅧ,214
2051,ᄲᅧᆨ,2
2052,ᄲᅧᆷ,3
2053,ᄲᅧᆺ,10
2054,ᄲᅨ,74
2055,ᄲᅩ,25
2056,ᄲᅩᆫ,1
2057,ᄲᅩᆯ,14
2058,ᄲᅩᆷ,31
2059,ᄲᅩᆸ,45
2060,ᄲᅩᆼ,51
2061,ᄲᅩᇰ,25
2062,ᄲᅬᆷ,1
2063,ᄲᅭ,23
2064,ᄲᅮ,221
2065,ᄲᅮᆨ,2
2066,ᄲᅮᆫ,1169
2067,ᄲᅮᆯ,89
2068,ᄲᅮᆷ,20
2069,ᄲᅱ,1
2070,ᄲᅳ,125
2071,ᄲᅳᆨ,1
2072,ᄲᅳᆫ,639
2073,ᄲᅳᆯ,38
2074,ᄲᅳᆷ,9
2075,ᄲᅳᆼ,1
2076,ᄲᅴ,5
2077,ᄲᅵ,41
2078,ᄲᅵᆷ,3
2079,ᄲᅵᆺ,5
2080,ᄲᅵᆼ,1
2081,ᄲᆞ,692
2082,ᄲᆞᆫ,11
2083,ᄲᆞᆯ,788
2084,ᄲᆡ,138
2085,ᄲᆡᆨ,5
2086,ᄲᆡᆫ,1
2087,ᄲᆡᆯ,1
2088,ᄲᆡᆺ,4
2089,ᄲᆡᆼ,3
2090,ᄳᅳ,1
2091,ᄴᅣᆼ,2
2092,ᄴᅥ,1
2093,ᄴᅵᆸ,1
2094,ᄴᅵᆼ,1
2095,ᄶᅡ,41
2096,ᄶᅡᆨ,65
2097,ᄶᅡᆫ,23
2098,ᄶᅡᆯ,18
2099,ᄶᅡᆸ,1
2100,ᄶᅡᆺ,1
2101,ᄶᅡᆼ,1
2102,ᄶᅢ,12
2103,ᄶᅢᆯ,1
2104,ᄶᅣ,3
2105,ᄶᅣᆨ,1
2106,ᄶᅥ,4
2107,ᄶᅥᆨ,43
2108,ᄶᅥᆯ,1
2109,ᄶᅥᆼ,1
2110,ᄶᅥᇰ,1
2111,ᄶᅦ,7
2112,ᄶᅧ,4
2113,ᄶᅧᆨ,4
2114,ᄶᅧᆫ,1
2115,ᄶᅧᆯ,2
2116,ᄶᅧᆼ,1
2117,ᄶᅩ,101
2118,ᄶᅩᆨ,26
2119,ᄶᅩᆫ,1
2120,ᄶᅩᆺ,57
2121,ᄶᅩᆼ,1
2122,ᄶᅬ,11
2123,ᄶᅭ,4
2124,ᄶᅭᆺ,1
2125,ᄶᅮ,2
2126,ᄶᅮᆨ,6
2127,ᄶᅮᆯ,2
2128,ᄶᅮᆷ,1
2129,ᄶᅮᆼ,2
2130,ᄶᅳ,10
2131,ᄶᅳᆨ,9
2132,ᄶᅳᆫ,4
2133,ᄶᅳᆷ,4
2134,ᄶᅳᆺ,4
2135,ᄶᅴ,13
2136,ᄶᅵ,138
2137,ᄶᅵᆨ,34
2138,ᄶᅵᆫ,11
2139,ᄶᅵᆯ,12
2140,ᄶᅵᆷ,3
2141,ᄶᅵᆸ,2
2142,ᄶᅵᆺ,6
2143,ᄶᅵᆼ,33
2144,ᄶᅵᇰ,1
2145,ᄶᆑᆫ,1
2146,ᄶᆞ,116
2147,ᄶᆞᆨ,29
2148,ᄶᆞᆫ,3
2149,ᄶᆡ,11
2150,ᄶᆡᆼ,5
2151,ᄶퟄ,1
2152,ᄷᆞᆯ,1
2153,ᄸᅩ,1
2154,ᄸᅳ,1
2155,ᄸᆞ,1
2156,ᄸᆡ,1
2157,ᄹᅡ,1
2158,ᄹᅢ,1
2159,ᄹᅩᆸ,2
2160,ᄹᅳᆷ,2
2161,ᄹᅵ,8
2162,ᄺᅮᆫ,1
2163,ᄺᅳ,1
2164,ᄺᅵ,1
2165,ᄺᆞ,1
2166,ᄻᅡ,1
2167,ᄼᅠ,4
2168,ᄼᅡᆫ,9
2169,ᄼᅡᆼ,1
2170,ᄼᅡᇢ,3
2171,ᄼᅡᇫ,1
2172,ᄼᅡᇹ,1
2173,ᄼᅣ,1
2174,ᄼᅣᆼ,1
2175,ᄼᅣᇢ,3
2176,ᄼᅣᇦ,1
2177,ᄼᅮ,1
2178,ᄼᅮᆼ,3
2179,ᄼᅲ,13
2180,ᄼᅳᆼ,1
2181,ᄼᅵ,11
2182,ᄼᅵᆫ,4
2183,ᄼᅵᆼ,3
2184,ᄼᅵᇢ,3
2185,ᄼᅵᇹ,1
2186,ᄼᅶ,2
2187,ᄼᅸ,2
2188,ᄼᆛ,1
2189,ᄼᆞ,9
2190,ᄼᆞᆼ,1
2191,ᄼᆞᇰ,2
2192,ᄼᆡᆼ,1
2193,ᄽᅣᆼ,1
2194,ᄽᅵᆫ,1
2195,ᄽᅵᇹ,1
2196,ᄽᆞ,1
2197,ᄾᅠ,2
2198,ᄾᅧ,5
2199,ᄾᆞ,2
2200,ᄿᅣᆼ,1
2201,ᄿᅧ,1
2202,ᄿᅧᆫ,1
2203,ᄿᅵᆼ,1
2204,ᅀ,1
2205,ᅀᅠ,9
2206,ᅀᅡ,1599
2207,ᅀᅡᆫ,10
2208,ᅀᅡᆷ,3
2209,ᅀᅡᆼ,1
2210,ᅀᅡᇙ,3
2211,ᅀᅡᇝ,5
2212,ᅀᅡᇰ,3
2213,ᅀᅢ,88
2214,ᅀᅢᆫ,1
2215,ᅀᅢᆺ,13
2216,ᅀᅢᇫ,3
2217,ᅀᅣ,46
2218,ᅀᅣᆨ,100
2219,ᅀᅣᆼ,167
2220,ᅀᅣᇢ,3
2221,ᅀᅣᇰ,33
2222,ᅀᅤ,2
2223,ᅀᅥ,447
2224,ᅀᅥᆨ,7
2225,ᅀᅥᆫ,4
2226,ᅀᅥᆯ,2
2227,ᅀᅥᆷ,291
2228,ᅀᅥᆸ,2
2229,ᅀᅥᆼ,9
2230,ᅀᅥᇝ,32
2231,ᅀᅥᇰ,2
2232,ᅀᅦ,2
2233,ᅀᅦᆺ,3
2234,ᅀᅧ,86
2235,ᅀᅧᆫ,517
2236,ᅀᅧᆯ,10
2237,ᅀᅧᆷ,107
2238,ᅀᅧᆸ,1
2239,ᅀᅧᆼ,1072
2240,ᅀᅧᇙ,19
2241,ᅀᅧᇝ,1
2242,ᅀᅧᇫ,1
2243,ᅀᅧᇰ,6
2244,ᅀᅧᇹ,9
2245,ᅀᅨ,3
2246,ᅀᅩ,149
2247,ᅀᅩᆫ,17
2248,ᅀᅩᆯ,3
2249,ᅀᅩᆷ,14
2250,ᅀᅩᇙ,2
2251,ᅀᅬ,1
2252,ᅀᅭ,10
2253,ᅀᅭᆨ,31
2254,ᅀᅭᆷ,2
2255,ᅀᅭᆼ,5
2256,ᅀᅭᇢ,94
2257,ᅀᅮ,95
2258,ᅀᅮᆨ,1
2259,ᅀᅮᆫ,8
2260,ᅀᅮᆯ,4
2261,ᅀᅮᆷ,28
2262,ᅀᅮᆺ,1
2263,ᅀᅮᆼ,14
2264,ᅀᅮᇙ,1
2265,ᅀᅮᇝ,2
2266,ᅀᅮᇹ,31
2267,ᅀᅱ,7
2268,ᅀᅱᆫ,1
2269,ᅀᅲ,40
2270,ᅀᅲᆨ,44
2271,ᅀᅲᆫ,49
2272,ᅀᅲᆮ,1
2273,ᅀᅲᆷ,1
2274,ᅀᅲᆼ,27
2275,ᅀᅲᇢ,22
2276,ᅀᅲᇹ,2
2277,ᅀᅳ,293
2278,ᅀᅳᆨ,40
2279,ᅀᅳᆫ,30
2280,ᅀᅳᆯ,43
2281,ᅀᅳᆳ,1
2282,ᅀᅳᆷ,10
2283,ᅀᅳᇙ,5
2284,ᅀᅳᇫ,231
2285,ᅀᅳᇰ,1
2286,ᅀᅴ,83
2287,ᅀᅴᆼ,2
2288,ᅀᅵ,883
2289,ᅀᅵᆨ,1
2290,ᅀᅵᆫ,2462
2291,ᅀᅵᆯ,26
2292,ᅀᅵᆳ,1
2293,ᅀᅵᆶ,2
2294,ᅀᅵᆷ,53
2295,ᅀᅵᆸ,96
2296,ᅀᅵᆺ,9
2297,ᅀᅵᆼ,972
2298,ᅀᅵᇙ,204
2299,ᅀᅵᇝ,2
2300,ᅀᅵᇢ,1
2301,ᅀᅵᇰ,10
2302,ᅀᅵᇹ,37
2303,ᅀᅶ,1
2304,ᅀᅸ,4
2305,ᅀᆑ,1
2306,ᅀᆑᆫ,25
2307,ᅀᆑᇙ,2
2308,ᅀᆒᆼ,1
2309,ᅀᆔ,2
2310,ᅀᆕ,1
2311,ᅀᆛ,6
2312,ᅀᆜᆼ,2
2313,ᅀᆞ,3004
2314,ᅀᆞᆫ,41
2315,ᅀᆞᆯ,323
2316,ᅀᆞᆳ,20
2317,ᅀᆞᆷ,547
2318,ᅀᆞᆸ,589
2319,ᅀᆞᆺ,4
2320,ᅀᆞᆼ,1
2321,ᅀᆞᇝ,68
2322,ᅀᆞᇰ,1
2323,ᅀᆡ,20
2324,ᅀᆡᆨ,1
2325,ᅀᆡᆫ,3
2326,ᅀᆡᆯ,1
2327,ᅀᆡᆼ,3
2328,ᅀᆡᇰ,2
2329,ᅇᅡ,1
2330,ᅇᅧ,5
2331,ᅇᅨᆺ,2
2332,ᅇᅭ,6
2333,ᅇᅭᆫ,2
2334,ᅇᅭᆷ,1
2335,ᅇᅮ,2
2336,ᅇᅲ,4
2337,ᅇᅵ,4
2338,ᅇᅵᆫ,1
2339,ᅌᅠ,12
2340,ᅌᅡ,144
2341,ᅌᅡᆨ,34
2342,ᅌᅡᆫ,260
2343,ᅌᅡᆯ,17
2344,ᅌᅡᆲ,1
2345,ᅌᅡᆷ,10
2346,ᅌᅡᆸ,7
2347,ᅌᅡᆺ,5
2348,ᅌᅡᆼ,356
2349,ᅌᅡᇢ,6
2350,ᅌᅡᇰ,17
2351,ᅌᅢ,17
2352,ᅌᅢᆼ,54
2353,ᅌᅣ,220
2354,ᅌᅣᆨ,7
2355,ᅌᅣᆫ,2
2356,ᅌᅣᆼ,20
2357,ᅌᅣᇢ,10
2358,ᅌᅣᇰ,10
2359,ᅌᅥ,132
2360,ᅌᅥᆨ,3
2361,ᅌᅥᆫ,79
2362,ᅌᅥᆯ,3
2363,ᅌᅥᆷ,358
2364,ᅌᅥᆸ,472
2365,ᅌᅥᆺ,34
2366,ᅌᅥᆼ,129
2367,ᅌᅥᇙ,6
2368,ᅌᅥᇰ,2
2369,ᅌᅦ,541
2370,ᅌᅦᆫ,13
2371,ᅌᅦᆺ,12
2372,ᅌᅧ,63
2373,ᅌᅧᆨ,22
2374,ᅌᅧᆫ,69
2375,ᅌᅧᆯ,4
2376,ᅌᅧᆷ,6
2377,ᅌᅧᆸ,31
2378,ᅌᅧᆺ,31
2379,ᅌᅧᆼ,2
2380,ᅌᅧᇰ,4
2381,ᅌᅧᇹ,1
2382,ᅌᅨ,20
2383,ᅌᅩ,100
2384,ᅌᅩᆨ,136
2385,ᅌᅩᆫ,10
2386,ᅌᅩᆯ,16
2387,ᅌᅩᆳ,1
2388,ᅌᅩᆷ,8
2389,ᅌᅩᆸ,5
2390,ᅌᅩᆺ,10
2391,ᅌᅩᆼ,731
2392,ᅌᅩᇙ,12
2393,ᅌᅩᇢ,14
2394,ᅌᅩᇰ,5
2395,ᅌᅪ,78
2396,ᅌᅪᆨ,1
2397,ᅌᅪᆫ,31
2398,ᅌᅪᆯ,1
2399,ᅌᅪᆺ,3
2400,ᅌᅪᆼ,36
2401,ᅌᅪᇰ,1059
2402,ᅌᅫ,15
2403,ᅌᅬ,25
2404,ᅌᅬᆫ,3
2405,ᅌᅬᆼ,195
2406,ᅌᅬᇰ,1
2407,ᅌᅭ,8
2408,ᅌᅭᆨ,2
2409,ᅌᅭᆼ,2
2410,ᅌᅭᇢ,20
2411,ᅌᅮ,82
2412,ᅌᅮᆨ,4
2413,ᅌᅮᆫ,126
2414,ᅌᅮᆯ,9
2415,ᅌᅮᆷ,4
2416,ᅌᅮᆺ,1
2417,ᅌᅮᆼ,50
2418,ᅌᅮᇢ,512
2419,ᅌᅮᇰ,3
2420,ᅌᅮᇹ,1
2421,ᅌᅯ,8
2422,ᅌᅯᆫ,1326
2423,ᅌᅯᆯ,6
2424,ᅌᅯᆼ,1
2425,ᅌᅯᇙ,193
2426,ᅌᅯᇰ,4
2427,ᅌᅯᇱ,1
2428,ᅌᅱ,23
2429,ᅌᅱᆫ,10
2430,ᅌᅱᆺ,1
2431,ᅌᅱᆼ,292
2432,ᅌᅱᇰ,1
2433,ᅌᅲ,110
2434,ᅌᅲᆨ,1
2435,ᅌᅲᆫ,5
2436,ᅌᅲᆼ,1
2437,ᅌᅲᇢ,9
2438,ᅌᅲᇹ,8
2439,ᅌᅳ,67
2440,ᅌᅳᆨ,5
2441,ᅌᅳᆫ,80
2442,ᅌᅳᆯ,104
2443,ᅌᅳᆷ,15
2444,ᅌᅳᆸ,2
2445,ᅌᅳᆺ,3
2446,ᅌᅳᆼ,8
2447,ᅌᅳᇢ,3
2448,ᅌᅳᇰ,13
2449,ᅌᅴ,127
2450,ᅌᅴᆼ,775
2451,ᅌᅴᇰ,1
2452,ᅌᅴᇹ,1
2453,ᅌᅵ,1295
2454,ᅌᅵᆨ,7
2455,ᅌᅵᆫ,101
2456,ᅌᅵᆯ,178
2457,ᅌᅵᆷ,23
2458,ᅌᅵᆸ,14
2459,ᅌᅵᆺ,544
2460,ᅌᅵᆼ,24
2461,ᅌᅵᇙ,2
2462,ᅌᅵᇰ,1
2463,ᅌᅵᇹ,1
2464,ᅌᅶ,5
2465,ᅌᅿᆫ,1
2466,ᅌᆏᇰ,2
2467,ᅌᆑ,2
2468,ᅌᆑᆫ,19
2469,ᅌᆑᇰ,90
2470,ᅌᆑᇹ,37
2471,ᅌᆔᇰ,1
2472,ᅌᆕ,3
2473,ᅌᆜᆼ,1
2474,ᅌᆜᇹ,3
2475,ᅌᆞ,16
2476,ᅌᆞᆫ,6
2477,ᅌᆞᆯ,8
2478,ᅌᆞᆷ,2
2479,ᅌᆞᇰ,1
2480,ᅌᆡ,13
2481,ᅌᆡᆨ,2
2482,ᅌᆦᇰ,2
2483,ᅌힵᆫ,5
2484,ᅌힵᇰ,1
2485,ᅌힸᇹ,1
2486,ᅌힹᆫ,1
2487,ᅌힹᇰ,1
2488,ᅌힺᆫ,2
2489,ᅌퟄ,2
2490,ᅎᅠ,2
2491,ᅎᅡᆫ,1
2492,ᅎᅡᆼ,3
2493,ᅎᅡᇢ,2
2494,ᅎᅢ,3
2495,ᅎᅣᆼ,3
2496,ᅎᅣᇢ,1
2497,ᅎᅩ,1
2498,ᅎᅪᆼ,1
2499,ᅎᅮ,3
2500,ᅎᅮᆯ,1
2501,ᅎᅲ,3
2502,ᅎᅳ,1
2503,ᅎᅳᇫ,1
2504,ᅎᅵ,2
2505,ᅎᅵᆫ,8
2506,ᅎᅵᆷ,1
2507,ᅎᅵᆼ,2
2508,ᅎᅵᇢ,4
2509,ᅎᆞ,1
2510,ᅎᆞᆫ,2
2511,ᅎᆞᆷ,4
2512,ᅎᆞᇰ,1
2513,ᅎᆡ,1
2514,ᅏᅠ,2
2515,ᅏᅡᆼ,1
2516,ᅏᅡᇢ,7
2517,ᅏᅡᇦ,1
2518,ᅏᅢ,1
2519,ᅏᅣᇢ,1
2520,ᅏᅵ,1
2521,ᅏᅵᆼ,1
2522,ᅏᅵᇢ,1
2523,ᅏᅿ,1
2524,ᅐᅠ,2
2525,ᅑᅠ,1
2526,ᅔᅠ,2
2527,ᅔᅡᆼ,2
2528,ᅔᅡᇢ,26
2529,ᅔᅡᇦ,2
2530,ᅔᅢ,7
2531,ᅔᅣᆼ,1
2532,ᅔᅣᇢ,1
2533,ᅔᅣᇦ,2
2534,ᅔᅧᆫ,3
2535,ᅔᅩ,1
2536,ᅔᅫ,1
2537,ᅔᅮ,2
2538,ᅔᅱ,1
2539,ᅔᅳᆼ,1
2540,ᅔᅳᇫ,1
2541,ᅔᅵ,4
2542,ᅔᅵᆼ,15
2543,ᅔᅵᇢ,8
2544,ᅔᅶ,9
2545,ᅔᆛ,2
2546,ᅔᆞ,1
2547,ᅔᆞᆷ,3
2548,ᅔᆞᆼ,1
2549,ᅕᅠ,2
2550,ᅕᅡᆫ,1
2551,ᅕᅧ,3
2552,ᅗᅠ,2
2553,ᅘᅠ,3
2554,ᅘᅡ,2
2555,ᅘᅡᆨ,105
2556,ᅘᅡᆫ,94
2557,ᅘᅡᆷ,51
2558,ᅘᅡᆸ,161
2559,ᅘᅡᆼ,593
2560,ᅘᅡᇙ,3
2561,ᅘᅡᇢ,12
2562,ᅘᅡᇦ,3
2563,ᅘᅡᇰ,122
2564,ᅘᅡᇹ,1
2565,ᅘᅢ,23
2566,ᅘᅢᆼ,332
2567,ᅘᅢᇰ,2
2568,ᅘᅣ,71
2569,ᅘᅣᆨ,1
2570,ᅘᅣᆫ,1
2571,ᅘᅣᆼ,11
2572,ᅘᅣᇢ,4
2573,ᅘᅣᇦ,8
2574,ᅘᅣᇰ,2
2575,ᅘᅣᇹ,11
2576,ᅘᅤᆼ,8
2577,ᅘᅥ,22
2578,ᅘᅥᆫ,14
2579,ᅘᅥᇰ,3
2580,ᅘᅥᇹ,26
2581,ᅘᅧ,239
2582,ᅘᅧᆫ,838
2583,ᅘᅧᆯ,5
2584,ᅘᅧᆷ,4
2585,ᅘᅧᆼ,7
2586,ᅘᅧᇰ,60
2587,ᅘᅨ,11
2588,ᅘᅨᆼ,7
2589,ᅘᅩᆨ,3
2590,ᅘᅩᆫ,6
2591,ᅘᅩᆼ,244
2592,ᅘᅩᇢ,155
2593,ᅘᅩᇰ,11
2594,ᅘᅪ,25
2595,ᅘᅪᆨ,1
2596,ᅘᅪᆫ,458
2597,ᅘᅪᆼ,920
2598,ᅘᅪᇙ,8
2599,ᅘᅪᇰ,99
2600,ᅘᅪᇹ,6
2601,ᅘᅫ,16
2602,ᅘᅫᆼ,75
2603,ᅘᅬᆨ,322
2604,ᅘᅬᆫ,7
2605,ᅘᅬᆼ,219
2606,ᅘᅬᇰ,26
2607,ᅘᅭᇢ,16
2608,ᅘᅮ,76
2609,ᅘᅮᆫ,10
2610,ᅘᅮᆷ,1
2611,ᅘᅮᆼ,115
2612,ᅘᅮᇢ,943
2613,ᅘᅮᇰ,19
2614,ᅘᅮᇹ,7
2615,ᅘᅯ,15
2616,ᅘᅯᆫ,3
2617,ᅘᅯᇹ,10
2618,ᅘᅰᆼ,1
2619,ᅘᅰᇰ,4
2620,ᅘᅱ,43
2621,ᅘᅲ,1
2622,ᅘᅲᆼ,4
2623,ᅘᅲᇢ,15
2624,ᅘᅳ,1
2625,ᅘᅳᆫ,7
2626,ᅘᅳᆼ,9
2627,ᅘᅳᇢ,45
2628,ᅘᅳᇰ,121
2629,ᅘᅴ,1
2630,ᅘᅴᆨ,2
2631,ᅘᅴᆫ,3
2632,ᅘᅴᆼ,7
2633,ᅘᅴᇰ,2
2634,ᅘᅴᇹ,1
2635,ᅘᅵ,4
2636,ᅘᅵᆨ,1
2637,ᅘᅵᆫ,10
2638,ᅘᅵᆼ,21
2639,ᅘᅵᇂ,1
2640,ᅘᅵᇰ,40
2641,ᅘᅵᇹ,6
2642,ᅘᅿᆨ,1
2643,ᅘᆌᆼ,4
2644,ᅘᆌᇰ,4
2645,ᅘᆏᆫ,2
2646,ᅘᆐᆼ,26
2647,ᅘᆑᆫ,24
2648,ᅘᆑᆼ,5
2649,ᅘᆑᇙ,20
2650,ᅘᆑᇰ,1
2651,ᅘᆒᆼ,569
2652,ᅘᆒᇰ,1
2653,ᅘᆔᆼ,1
2654,ᅘᆕ,2
2655,ᅘᆞ,1
2656,ᅘᆞᆼ,1
2657,ᅘᆞᇰ,1
2658,ᅘᆟᇰ,2
2659,ᅘᆡᆼ,23
2660,ᅘᆡᇰ,1456
2661,ᅘᆦᆼ,4
2662,ᅘힰᆨ,1
2663,ᅘힶᇂ,2
2664,ᅘힷᆼ,5
2665,ᅘퟄᆼ,1
2666,ᅘퟅᆼ,2
2667,ᅘퟅᇰ,3
2668,ᅘퟅᇹ,1
2669,ᅙᅠ,41
2670,ᅙᅡ,40
2671,ᅙᅡᆨ,247
2672,ᅙᅡᆫ,429
2673,ᅙᅡᆶ,1
2674,ᅙᅡᆷ,47
2675,ᅙᅡᆼ,696
2676,ᅙᅡᇙ,123
2677,ᅙᅡᇢ,3
2678,ᅙᅡᇦ,2
2679,ᅙᅡᇰ,1
2680,ᅙᅢ,13
2681,ᅙᅣ,17
2682,ᅙᅣᆨ,16
2683,ᅙᅣᆫ,1
2684,ᅙᅣᆼ,13
2685,ᅙᅣᇢ,22
2686,ᅙᅣᇦ,1
2687,ᅙᅣᇰ,35
2688,ᅙᅣᇹ,24
2689,ᅙᅥ,1
2690,ᅙᅥᆨ,4
2691,ᅙᅥᆫ,3
2692,ᅙᅥᆷ,3
2693,ᅙᅥᆸ,2
2694,ᅙᅥᆼ,29
2695,ᅙᅥᇹ,4
2696,ᅙᅦ,2
2697,ᅙᅦᆺ,1
2698,ᅙᅦᇙ,1
2699,ᅙᅧᆨ,128
2700,ᅙᅧᆫ,40
2701,ᅙᅧᆷ,5
2702,ᅙᅧᆼ,1
2703,ᅙᅧᇰ,91
2704,ᅙᅧᇹ,3
2705,ᅙᅨᆼ,6
2706,ᅙᅩ,5
2707,ᅙᅩᆨ,19
2708,ᅙᅩᆫ,6
2709,ᅙᅩᆷ,9
2710,ᅙᅩᆼ,26
2711,ᅙᅩᇢ,1
2712,ᅙᅩᇰ,26
2713,ᅙᅪ,8
2714,ᅙᅪᆫ,22
2715,ᅙᅪᆼ,4
2716,ᅙᅪᇰ,1
2717,ᅙᅪᇹ,6
2718,ᅙᅬ,2
2719,ᅙᅬᆨ,2
2720,ᅙᅬᆼ,15
2721,ᅙᅬᇰ,1
2722,ᅙᅭ,1
2723,ᅙᅭᇢ,91
2724,ᅙᅮ,17
2725,ᅙᅮᆨ,2
2726,ᅙᅮᆫ,60
2727,ᅙᅮᆶ,1
2728,ᅙᅮᆷ,1
2729,ᅙᅮᆼ,50
2730,ᅙᅮᇙ,13
2731,ᅙᅮᇢ,163
2732,ᅙᅮᇰ,3
2733,ᅙᅮᇹ,5
2734,ᅙᅯ,22
2735,ᅙᅯᆫ,115
2736,ᅙᅱ,11
2737,ᅙᅱᆫ,1
2738,ᅙᅱᆼ,232
2739,ᅙᅱᇰ,1
2740,ᅙᅲᆼ,1
2741,ᅙᅲᇢ,8
2742,ᅙᅲᇹ,5
2743,ᅙᅳᆨ,411
2744,ᅙᅳᆫ,38
2745,ᅙᅳᆮ,1
2746,ᅙᅳᆯ,2
2747,ᅙᅳᆷ,634
2748,ᅙᅳᆸ,22
2749,ᅙᅳᆼ,8
2750,ᅙᅳᇢ,17
2751,ᅙᅳᇰ,283
2752,ᅙᅳᇹ,1
2753,ᅙᅴ,3
2754,ᅙᅴᆫ,15
2755,ᅙᅴᆼ,402
2756,ᅙᅴᇙ,2
2757,ᅙᅴᇰ,2
2758,ᅙᅴᇹ,2
2759,ᅙᅵ,55
2760,ᅙᅵᆨ,2
2761,ᅙᅵᆫ,1109
2762,ᅙᅵᆯ,2
2763,ᅙᅵᆶ,6
2764,ᅙᅵᆼ,88
2765,ᅙᅵᇙ,2144
2766,ᅙᅵᇢ,8
2767,ᅙᅵᇰ,3
2768,ᅙᅵᇹ,47
2769,ᅙᅵퟛ,1
2770,ᅙᅸ,1
2771,ᅙᅿ,1
2772,ᅙᆏᆨ,1
2773,ᅙᆑᆨ,13
2774,ᅙᆑᆫ,6
2775,ᅙᆒᆼ,6
2776,ᅙᆔᆼ,22
2777,ᅙᆞ,46
2778,ᅙᆞᆨ,1
2779,ᅙᆞᆫ,63
2780,ᅙᆞᆯ,4
2781,ᅙᆞᆷ,1
2782,ᅙᆞᆼ,1
2783,ᅙᆡ,4
2784,ᅙᆡᆨ,14
2785,ᅙᆡᆫ,1
2786,ᅙᆡᆺ,1
2787,ᅙᆡᆼ,173
2788,ᅙᆡᇰ,4
2789,ᅙힹᆼ,1
2790,ᅙힹᇦ,1
2791,ᅙힺ,2
2792,ᅙퟅᆼ,2
2793,ᅚᆖ,1
2794,ᅟᅡ,33
2795,ᅟᅡᆨ,1
2796,ᅟᅡᆯ,1
2797,ᅟᅡᆷ,1
2798,ᅟᅡᆺ,1
2799,ᅟᅢ,4
2800,ᅟᅣ,9
2801,ᅟᅣᆨ,1
2802,ᅟᅤᇰ,1
2803,ᅟᅥ,11
2804,ᅟᅦ,4
2805,ᅟᅧ,7
2806,ᅟᅨ,1
2807,ᅟᅩ,16
2808,ᅟᅩᆯ,2
2809,ᅟᅪ,3
2810,ᅟᅫ,1
2811,ᅟᅭ,8
2812,ᅟᅮ,85
2813,ᅟᅮᆨ,2
2814,ᅟᅮᆫ,79
2815,ᅟᅮᆮ,2
2816,ᅟᅮᆯ,3
2817,ᅟᅮᆸ,1
2818,ᅟᅯ,3
2819,ᅟᅰ,1
2820,ᅟᅱᆯ,1
2821,ᅟᅲ,7
2822,ᅟᅳ,7
2823,ᅟᅴ,4
2824,ᅟᅴᆫ,1
2825,ᅟᅵ,36419
2826,ᅟᅵᆫ,334
2827,ᅟᅵᆮ,1
2828,ᅟᅵᆯ,71
2829,ᅟᅵᆺ,1
2830,ᅟᆍ,2
2831,ᅟᆞ,3
2832,ᅟᆞᆫ,1
2833,ᅟᆞᆮ,1
2834,ᅟퟄ,1
2835,ㄱ,3
2836,ㄴ,4
2837,ㄷ,1
2838,ㄹ,2
2839,ㅁ,1
2840,ㅂ,1
2841,ㅅ,200
2842,ㅇ,3
2843,ㅈ,1
2844,ㅌ,1
2845,ㅎ,2
2846,ㅏ,14
2847,ㅕ,2
2848,ㅡ,1
2849,ㅢ,1
2850,ㅣ,2206
2851,ꥶᅠ,1
2852,ꥼᆒᆼ,1
2853,가,71128
2854,각,12281
2855,간,13121
2856,갇,19
2857,갈,3310
2858,갉,2
2859,갊,5
2860,갋,2
2861,갌,4
2862,갏,1
2863,감,8754
2864,갑,2778
2865,값,19
2866,갓,5369
2867,갔,1
2868,강,8649
2869,갖,4
2870,갘,1
2871,같,40
2872,개,4069
2873,객,18
2874,갠,11
2875,갤,18
2876,갯,22
2877,갰,1
2878,갱,1326
2879,갸,193
2880,갹,22
2881,갼,3
2882,걀,2
2883,걋,18
2884,걍,56
2885,걔,66
2886,걧,6
2887,걩,16
2888,거,41701
2889,걱,95
2890,건,4251
2891,걷,79
2892,걸,1432
2893,검,1723
2894,겁,1321
2895,것,3158
2896,겄,1
2897,겅,180
2898,게,19653
2899,겐,9
2900,겔,1
2901,겟,190
2902,겠,5
2903,겡,8
2904,겨,5199
2905,격,2152
2906,견,4445
2907,겯,6
2908,결,3903
2909,겴,11
2910,겸,1612
2911,겹,149
2912,겻,854
2913,경,20607
2914,곁,1
2915,계,14196
2916,곈,3
2917,곕,1
2918,곗,14
2919,곙,106
2920,고,150899
2921,곡,3158
2922,곤,1864
2923,곧,2160
2924,골,2917
2925,곪,1
2926,곫,1
2927,곬,5
2928,곰,3997
2929,곱,375
2930,곳,6872
2931,공,23390
2932,곶,6
2933,과,34923
2934,곽,647
2935,관,13767
2936,괄,320
2937,괏,149
2938,광,6392
2939,괘,1070
2940,괜,3
2941,괫,1
2942,괭,37
2943,괴,5131
2944,괵,106
2945,괸,53
2946,괼,12
2947,굄,3
2948,굇,4
2949,굉,218
2950,교,8807
2951,굔,14
2952,굗,1
2953,굘,22
2954,굠,43
2955,굣,12
2956,굥,2
2957,구,19743
2958,국,10023
2959,군,16424
2960,굳,45
2961,굴,1181
2962,굵,38
2963,굸,7
2964,굼,367
2965,굽,483
2966,굿,1223
2967,궁,6519
2968,궂,2
2969,궈,160
2970,궉,5
2971,권,4371
2972,궐,1523
2973,궗,1
2974,궝,1
2975,궤,730
2976,궨,2
2977,궴,1
2978,궷,1
2979,궹,1
2980,귀,6351
2981,귁,370
2982,귄,17
2983,귈,14
2984,귐,1
2985,귓,96
2986,귕,250
2987,규,2136
2988,귝,897
2989,균,506
2990,귤,81
2991,귥,2
2992,귨,13
2993,귬,2
2994,귱,974
2995,그,39380
2996,극,5087
2997,근,7330
2998,귿,52
2999,글,4594
3000,긁,54
3001,긄,13
3002,금,14469
3003,급,3915
3004,긋,1071
3005,긍,378
3006,긔,31144
3007,긕,2
3008,긘,109
3009,긜,109
3010,긤,10
3011,긥,2
3012,긧,93
3013,긩,548
3014,기,32694
3015,긱,20
3016,긴,1133
3017,긷,14
3018,길,6036
3019,긼,25
3020,김,4700
3021,깁,1785
3022,깃,2373
3023,깅,114
3024,깊,1
3025,까,62
3026,깍,1
3027,깐,3
3028,깟,1
3029,깡,3
3030,깨,9
3031,깽,1
3032,꺄,25
3033,꺙,155
3034,꺵,1
3035,꺼,158
3036,꺽,1
3037,껀,87
3038,껏,6
3039,껑,16
3040,께,7
3041,껭,1
3042,껴,4
3043,껸,4
3044,꼉,1
3045,꼥,223
3046,꼬,12
3047,꼭,5
3048,꼳,1
3049,꼿,1
3050,꽁,1
3051,꽝,1
3052,꾀,6
3053,꾜,1
3054,꾸,4
3055,꾹,2
3056,꾼,41
3057,꿈,6
3058,꿍,52
3059,꿘,163
3060,꿣,1
3061,뀌,3
3062,뀐,5
3063,뀡,13
3064,뀨,8
3065,뀩,1
3066,뀬,9
3067,뀽,1
3068,끄,10
3069,끅,175
3070,끈,113
3071,끋,1
3072,끌,3
3073,끔,16
3074,끕,5
3075,끗,3
3076,끙,1
3077,끝,1
3078,끠,34
3079,끵,221
3080,끼,34
3081,낀,11
3082,낄,1
3083,낌,1
3084,낑,135
3085,나,61618
3086,낙,1666
3087,낛,8
3088,난,7673
3089,낟,65
3090,날,7852
3091,낡,5
3092,낣,9
3093,낤,9
3094,낧,1
3095,남,9189
3096,납,1303
3097,낫,2759
3098,났,2
3099,낭,2915
3100,낮,2
3101,낱,3
3102,내,12567
3103,낸,257
3104,낼,187
3105,냄,21
3106,냅,9
3107,냇,44
3108,냉,59
3109,냐,2973
3110,냑,260
3111,냔,4
3112,냘,2
3113,냠,10
3114,냣,96
3115,냥,6808
3116,냬,7
3117,냰,1
3118,너,12552
3119,넉,2378
3120,넌,126
3121,넏,1
3122,널,637
3123,넑,2
3124,넓,107
3125,넗,1
3126,넘,715
3127,넙,107
3128,넛,126
3129,넝,18
3130,넣,1
3131,네,4802
3132,넥,1
3133,넨,5
3134,넫,7
3135,넬,4
3136,넵,2
3137,넷,76
3138,넹,1
3139,녀,17889
3140,녁,1839
3141,년,11753
3142,녇,21
3143,녈,2448
3144,녋,1
3145,녏,3
3146,념,3751
3147,녑,233
3148,녓,344
3149,녕,5386
3150,녘,3
3151,녜,9299
3152,녠,17
3153,녤,4
3154,녯,1077
3155,녱,15
3156,노,24683
3157,녹,1738
3158,논,6486
3159,녿,5
3160,놀,1949
3161,놈,548
3162,놉,1725
3163,놋,480
3164,농,992
3165,높,2
3166,놓,7
3167,놔,3
3168,놜,2
3169,뇌,1107
3170,뇔,7
3171,뇟,1
3172,뇡,95
3173,뇨,3778
3174,뇩,1
3175,뇬,2
3176,뇯,1
3177,뇰,5
3178,뇸,16
3179,뇹,1
3180,뇽,1331
3181,누,4607
3182,눅,102
3183,눈,2949
3184,눋,2
3185,눌,290
3186,눔,2
3187,눕,78
3188,눗,13
3189,눙,123
3190,눠,20
3191,눤,14
3192,뉘,1737
3193,뉜,19
3194,뉫,2
3195,뉴,5214
3196,뉵,2305
3197,뉸,1067
3198,뉼,810
3199,늄,5
3200,늇,1
3201,늉,331
3202,느,841
3203,늑,62
3204,는,4158
3205,늗,2
3206,늘,2054
3207,늙,306
3208,늠,277
3209,늡,10
3210,늣,399
3211,능,6256
3212,늦,10
3213,늬,154
3214,늭,5
3215,늰,6
3216,늴,1
3217,닁,2
3218,니,240590
3219,닉,595
3220,닌,3946
3221,닏,22
3222,닐,9095
3223,닑,314
3224,닓,32
3225,닔,2
3226,닗,1
3227,님,5126
3228,닙,3451
3229,닚,1
3230,닛,1575
3231,닝,407
3232,닢,1
3233,다,92414
3234,닥,443
3235,닦,5
3236,단,7879
3237,닫,20
3238,달,3752
3239,닭,35
3240,닮,1
3241,닯,24
3242,닰,1
3243,담,2141
3244,답,3656
3245,닶,20
3246,닷,2239
3247,당,16657
3248,대,23917
3249,댁,14
3250,댄,1290
3251,댇,1
3252,댈,14
3253,댑,2
3254,댓,80
3255,댕,7
3256,댜,78
3257,댝,2
3258,댠,2
3259,댭,2
3260,댱,5464
3261,댸,5
3262,댼,2
3263,더,35822
3264,덕,7289
3265,던,4136
3266,덛,149
3267,덜,466
3268,덞,4
3269,덟,15
3270,덤,194
3271,덥,582
3272,덧,472
3273,덩,240
3274,덮,1
3275,데,544
3276,덱,2
3277,덴,47
3278,델,4
3279,뎃,15
3280,뎅,8
3281,뎌,2222
3282,뎍,2185
3283,뎐,7031
3284,뎓,1
3285,뎔,43
3286,뎘,7
3287,뎜,311
3288,뎝,44
3289,뎟,25
3290,뎡,14639
3291,뎨,9653
3292,뎬,121
3293,뎻,5
3294,뎽,334
3295,도,49960
3296,독,2651
3297,돈,2273
3298,돋,28
3299,돌,1461
3300,돍,1
3301,돐,3
3302,돔,17
3303,돕,378
3304,돗,437
3305,동,12519
3306,돠,10
3307,돡,5
3308,돤,163
3309,돨,2
3310,돵,5
3311,돼,1
3312,되,15073
3313,됙,1
3314,된,1125
3315,될,611
3316,됧,1
3317,됨,111
3318,됫,10
3319,됭,405
3320,됴,9294
3321,됵,8
3322,됸,3
3323,됻,53
3324,됼,3
3325,둇,2
3326,둉,31
3327,둌,1
3328,두,16295
3329,둑,95
3330,둔,740
3331,둗,15
3332,둘,1939
3333,둠,60
3334,둡,182
3335,둣,167
3336,둥,514
3337,둬,1
3338,둰,40
3339,뒤,1322
3340,뒨,8
3341,뒬,2
3342,뒷,155
3343,듀,985
3344,듁,395
3345,듄,14
3346,듈,11
3347,듐,9
3348,듓,14
3349,듕,9127
3350,드,19965
3351,득,7357
3352,든,8007
3353,듣,861
3354,들,7644
3355,듥,39
3356,듦,2
3357,듧,145
3358,듨,7
3359,듬,550
3360,듭,60
3361,듯,4599
3362,등,10799
3363,듸,1021
3364,듹,18
3365,듼,24
3366,딀,23
3367,딈,1
3368,딉,1
3369,딋,24
3370,딍,3
3371,디,47537
3372,딕,2294
3373,딘,3806
3374,딛,4
3375,딜,1555
3376,딤,445
3377,딥,39
3378,딦,1
3379,딧,75
3380,딩,1984
3381,딮,1
3382,따,125
3383,딱,22
3384,딴,149
3385,딸,8
3386,땀,46
3387,땃,1
3388,땅,480
3389,때,105
3390,땔,4
3391,땡,1532
3392,땩,202
3393,땬,3
3394,땽,6
3395,떙,14
3396,떠,61
3397,떡,5
3398,떤,8
3399,떨,2
3400,떳,2
3401,떵,2
3402,떼,5
3403,뗀,1
3404,뗌,1
3405,뗏,1
3406,뗑,24
3407,뗘,2
3408,뗙,3
3409,뗜,162
3410,뗩,62
3411,뗭,17
3412,뗴,1
3413,뗸,12
3414,똉,1243
3415,또,82
3416,똑,193
3417,똔,47
3418,똘,1
3419,똠,3
3420,똥,694
3421,똭,73
3422,똰,95
3423,뙁,5
3424,뙤,3
3425,뙨,3
3426,뙹,4
3427,뚜,31
3428,뚠,11
3429,뚤,3
3430,뚯,1
3431,뚱,53
3432,뚼,8
3433,뛰,6
3434,뛴,4
3435,뜌,1
3436,뜍,6
3437,뜡,486
3438,뜨,13
3439,뜩,50
3440,뜬,2
3441,뜸,2
3442,뜻,12
3443,뜽,22
3444,띄,1
3445,띈,1
3446,띠,518
3447,띡,21
3448,띤,532
3449,띰,43
3450,띵,850
3451,라,142723
3452,락,2566
3453,띿,1
3454,란,4518
3455,랃,10
3456,랄,234
3457,람,2345
3458,랍,180
3459,랏,488
3460,랑,5507
3461,래,2079
3462,랙,5
3463,랜,122
3464,랠,24
3465,램,2
3466,랩,1
3467,랫,151
3468,랭,50
3469,랴,1947
3470,략,497
3471,랸,18
3472,랼,3
3473,량,1980
3474,럐,7
3475,러,38344
3476,럭,211
3477,런,2616
3478,럳,4
3479,럴,648
3480,럼,172
3481,럽,408
3482,럿,936
3483,렁,77
3484,렇,7
3485,레,1291
3486,렉,2
3487,렌,19
3488,렐,12
3489,렘,5
3490,렛,97
3491,렝,2
3492,려,19470
3493,력,869
3494,련,1453
3495,렫,5
3496,렬,1149
3497,렴,846
3498,렵,954
3499,렷,422
3500,렸,1
3501,령,2701
3502,렿,2
3503,례,4041
3504,롁,2
3505,롄,3
3506,롓,5
3507,롕,212
3508,로,99581
3509,록,9686
3510,론,2119
3511,롣,3
3512,롤,255
3513,롬,469
3514,롭,805
3515,롯,130
3516,롱,785
3517,롷,1
3518,롸,66
3519,롼,49
3520,뢋,1
3521,뢍,23
3522,뢰,816
3523,뢴,18
3524,뢸,5
3525,룀,1
3526,룅,21
3527,료,844
3528,룍,1
3529,룐,13
3530,룔,17
3531,룜,120
3532,룡,864
3533,루,3205
3534,룩,82
3535,룬,159
3536,룯,1
3537,룰,67
3538,룸,160
3539,룹,28
3540,룻,40
3541,룽,172
3542,뤄,10
3543,뤈,18
3544,뤼,265
3545,륀,1
3546,륄,3
3547,륏,2
3548,륑,1
3549,류,1928
3550,륙,1680
3551,륜,1229
3552,률,435
3553,륧,2
3554,륨,20
3555,륫,13
3556,륭,106
3557,르,12120
3558,륵,755
3559,른,2247
3560,륻,3
3561,를,36935
3562,륽,1
3563,릀,1
3564,름,1720
3565,릅,249
3566,릇,766
3567,릉,1074
3568,릐,232
3569,릔,4
3570,릘,1
3571,릠,1
3572,릣,28
3573,릥,2
3574,리,68299
3575,릭,78
3576,린,2654
3577,릳,5
3578,릴,1183
3579,림,1598
3580,립,849
3581,릿,281
3582,링,1645
3583,마,18630
3584,막,2716
3585,만,24864
3586,많,21
3587,맏,26
3588,말,21553
3589,맑,66
3590,맔,4
3591,맗,9
3592,맘,41
3593,맙,6
3594,맛,7605
3595,망,7665
3596,맞,17
3597,맡,3
3598,매,6009
3599,맥,21
3600,맨,108
3601,맬,29
3602,맴,2
3603,맵,1
3604,맷,72
3605,맹,80
3606,맺,2
3607,먀,29
3608,먁,104
3609,먄,3
3610,먈,1
3611,먓,2
3612,먕,5
3613,먜,3
3614,먱,1
3615,머,5917
3616,먹,2646
3617,먼,1746
3618,먿,1
3619,멀,427
3620,멈,17
3621,멉,1
3622,멋,18
3623,멍,179
3624,메,745
3625,멕,20
3626,멘,19
3627,멜,23
3628,멧,77
3629,멩,4
3630,며,36548
3631,멱,89
3632,면,22945
3633,멸,887
3634,멿,15
3635,몃,466
3636,명,20543
3637,몇,3
3638,몌,197
3639,몐,3
3640,몓,7
3641,몔,4
3642,몟,3
3643,몡,296
3644,모,26214
3645,목,5662
3646,몬,3033
3647,몯,3892
3648,몰,1110
3649,몷,1
3650,몸,3484
3651,몹,53
3652,못,29512
3653,몽,2598
3654,뫄,3
3655,뫼,3806
3656,묀,14
3657,묄,1
3658,묍,4
3659,묏,71
3660,묘,4863
3661,묙,1
3662,묟,2
3663,묠,1
3664,묤,1
3665,묨,2
3666,묫,1
3667,무,20632
3668,묵,529
3669,문,21050
3670,묻,378
3671,물,5319
3672,묽,4
3673,묿,1
3674,뭀,8
3675,뭃,2
3676,뭄,12
3677,뭇,1575
3678,뭉,1924
3679,뭊,1
3680,뭏,2
3681,뭐,35
3682,뭔,2
3683,뭬,1
3684,뮈,2242
3685,뮌,4
3686,뮐,10
3687,뮙,4
3688,뮤,11
3689,뮨,6
3690,뮬,1
3691,뮰,1
3692,뮴,1
3693,뮹,6
3694,므,8063
3695,믁,550
3696,믄,6319
3697,믇,22
3698,믈,29741
3699,믉,3
3700,믌,138
3701,믏,1
3702,믐,19
3703,믓,132
3704,믕,42
3705,믜,1986
3706,믠,23
3707,믤,7
3708,믭,32
3709,믯,32
3710,믱,2
3711,미,43987
3712,믹,9
3713,민,5840
3714,믿,158
3715,밀,1972
3716,밄,22
3717,밇,1
3718,밈,4
3719,밉,7
3720,밋,4929
3721,밍,1010
3722,및,1
3723,밑,1
3724,바,14338
3725,박,5809
3726,밖,8
3727,반,9888
3728,받,209
3729,발,5528
3730,밝,249
3731,밞,1
3732,밟,31
3733,밠,37
3734,밣,4
3735,밤,1572
3736,밥,525
3737,밧,7813
3738,방,9045
3739,배,3090
3740,백,180
3741,밴,22
3742,밸,9
3743,뱀,1
3744,뱃,42
3745,뱅,32
3746,뱌,10
3747,뱍,53
3748,뱐,3
3749,뱔,1
3750,뱝,1
3751,뱟,1
3752,뱡,5
3753,뱨,1
3754,버,4236
3755,벅,211
3756,번,6099
3757,벋,67
3758,벌,1566
3759,벐,1
3760,벓,4
3761,범,2959
3762,법,8179
3763,벗,671
3764,벙,96
3765,베,1744
3766,벡,8
3767,벤,13
3768,벨,18
3769,벳,29
3770,벵,4
3771,벼,1628
3772,벽,2052
3773,변,6650
3774,볃,5
3775,별,4124
3776,볈,3
3777,볌,6
3778,볍,20
3779,볏,48
3780,병,8409
3781,볘,117
3782,볙,1
3783,볜,1
3784,볫,1
3785,볭,16
3786,보,28765
3787,복,12746
3788,본,7238
3789,볻,4
3790,볼,1254
3791,볽,1
3792,봄,372
3793,봅,8
3794,봇,128
3795,봉,6195
3796,봐,6
3797,봘,1
3798,뵈,2899
3799,뵉,1
3800,뵌,63
3801,뵐,65
3802,뵘,3
3803,뵙,1
3804,뵛,7
3805,뵤,58
3806,뵨,3
3807,뵬,3
3808,뵴,8
3809,부,46692
3810,북,1362
3811,분,8204
3812,붇,26
3813,불,6885
3814,붉,112
3815,붊,4
3816,붏,3
3817,붐,32
3818,붑,27
3819,붓,1049
3820,붕,607
3821,붙,3
3822,붜,25
3823,붤,2
3824,뷔,3664
3825,뷕,1
3826,뷘,144
3827,뷜,39
3828,뷧,1
3829,뷩,1
3830,뷰,5
3831,뷱,22
3832,뷴,2
3833,뷸,1
3834,븀,1
3835,븃,2
3836,브,11216
3837,븍,1330
3838,븐,489
3839,븓,197
3840,블,12211
3841,븕,276
3842,븘,22
3843,븜,23
3844,븝,2
3845,븟,2170
3846,븡,361
3847,븨,719
3848,븩,3
3849,븬,105
3850,븰,5
3851,븻,19
3852,븽,1
3853,비,29062
3854,빅,40
3855,빈,2855
3856,빋,14
3857,빌,528
3858,빍,1
3859,빔,5
3860,빕,29
3861,빗,2699
3862,빙,1731
3863,빚,1
3864,빛,3
3865,빠,34
3866,빡,10
3867,빤,398
3868,빨,1
3869,빵,371
3870,빼,45
3871,뺌,2
3872,뺑,12
3873,뺜,1
3874,뻐,6
3875,뻔,274
3876,뻘,1
3877,뻠,440
3878,뻡,2
3879,뻥,5
3880,뻬,1
3881,뼈,32
3882,뼌,623
3883,뼘,7
3884,뼛,6
3885,뼝,14
3886,뼤,21
3887,뼹,2
3888,뽀,4
3889,뽁,177
3890,뽄,5
3891,뽐,1
3892,뽑,5
3893,뽕,1812
3894,뾔,1
3895,뿅,1
3896,뿌,46
3897,뿐,255
3898,뿔,1
3899,뿛,8
3900,뿜,1
3901,뿡,95
3902,뿨,40
3903,쀠,4
3904,쀤,1
3905,쁘,8
3906,쁙,8
3907,쁜,11
3908,쁟,2
3909,쁭,33
3910,쁴,21
3911,삐,78
3912,삔,44
3913,삠,15
3914,삥,548
3915,사,20614
3916,삭,1528
3917,삯,2
3918,산,8667
3919,삳,4
3920,살,3246
3921,삵,6
3922,삶,9
3923,삷,20
3924,삸,10
3925,삻,18
3926,삼,16886
3927,삽,176
3928,삿,216
3929,상,14682
3930,샃,2
3931,새,1585
3932,색,89
3933,샌,15
3934,샏,14
3935,샐,17
3936,샘,18
3937,샛,23
3938,생,218
3939,샤,28629
3940,샥,383
3941,샨,694
3942,샫,1
3943,샬,64
3944,샴,232
3945,샵,3
3946,샷,302
3947,샹,25854
3948,섀,95
3949,섁,1
3950,섄,3
3951,섓,1
3952,서,5544
3953,석,364
3954,선,341
3955,섣,4
3956,설,221
3957,섥,4
3958,섧,2
3959,섨,1
3960,섬,114
3961,섭,187
3962,섯,451
3963,섰,1
3964,성,469
3965,세,2525
3966,섹,1
3967,센,44
3968,섿,1
3969,셀,17
3970,셈,5
3971,셉,1
3972,셋,92
3973,셍,36
3974,셔,34818
3975,셕,6448
3976,션,12889
3977,셜,5729
3978,셟,25
3979,셤,1770
3980,셥,915
3981,셧,607
3982,셨,22
3983,셩,27368
3984,셰,16135
3985,셴,40
3986,셸,7
3987,솀,4
3988,솃,30
3989,솅,2219
3990,소,17794
3991,속,1663
3992,손,5501
3993,솓,8
3994,솔,469
3995,솘,8
3996,솜,116
3997,솝,76
3998,솟,133
3999,송,2616
4000,솨,60
4001,솩,3
4002,솬,50
4003,솰,6
4004,솽,63
4005,쇄,854
4006,쇠,1259
4007,쇡,4
4008,쇤,5
4009,쇨,1
4010,쇳,13
4011,쇵,1
4012,쇼,23552
4013,쇽,2222
4014,숀,830
4015,숄,40
4016,숌,76
4017,숍,3
4018,숏,7
4019,숑,1313
4020,수,5259
4021,숙,314
4022,순,356
4023,숟,4
4024,술,1236
4025,숡,1
4026,숤,3
4027,숨,652
4028,숩,19
4029,숫,102
4030,숭,627
4031,숴,6
4032,숸,57
4033,쉐,1
4034,쉬,1615
4035,쉰,54
4036,쉳,2
4037,쉴,30
4038,쉽,183
4039,쉿,22
4040,슁,3
4041,슈,23733
4042,슉,6603
4043,슌,6076
4044,슏,28
4045,슐,1578
4046,슑,1
4047,슘,288
4048,슙,10
4049,슛,22
4050,슝,1019
4051,스,9738
4052,슥,57
4053,슨,1640
4054,슫,2
4055,슬,5540
4056,슭,22
4057,슯,41
4058,슰,1
4059,슴,447
4060,습,1157
4061,슷,228
4062,승,6991
4063,싀,1213
4064,싁,294
4065,싄,39
4066,싈,5
4067,싐,1
4068,싑,2
4069,싓,4
4070,싕,2
4071,시,122489
4072,식,7976
4073,싟,1
4074,신,39059
4075,싣,34
4076,실,15809
4077,싥,2
4078,싨,8
4079,싫,3
4080,심,19150
4081,십,10205
4082,싯,179
4083,싱,540
4084,싲,1
4085,싶,2
4086,싸,362
4087,싹,26
4088,싼,18
4089,쌀,113
4090,쌈,7
4091,쌋,7
4092,쌍,80
4093,쌔,3
4094,쌩,1
4095,쌰,75
4096,쌴,34
4097,썅,458
4098,썌,1
4099,써,1330
4100,썩,27
4101,썬,19
4102,썰,4
4103,썸,1
4104,썹,8
4105,썻,18
4106,썼,2
4107,썽,2
4108,쎄,6
4109,쎙,2
4110,쎠,500
4111,쎡,41
4112,쎤,980
4113,쎨,2
4114,쎰,6
4115,쎱,10
4116,쎳,4
4117,쎵,27
4118,쎼,2
4119,쏑,90
4120,쏘,101
4121,쏜,10
4122,쏠,10
4123,쏨,3
4124,쏫,8
4125,쏴,6
4126,쏸,13
4127,쐉,7
4128,쐐,9
4129,쐣,4
4130,쐬,6
4131,쑈,3
4132,쑉,227
4133,쑝,3
4134,쑤,14
4135,쑥,24
4136,쑨,3
4137,쑬,1
4138,쑹,6
4139,쒸,32
4140,쓍,1
4141,쓔,75
4142,쓕,40
4143,쓘,322
4144,쓣,1
4145,쓤,4
4146,쓩,366
4147,쓰,1089
4148,쓱,1
4149,쓴,85
4150,쓸,206
4151,씀,39
4152,씃,1
4153,씌,4
4154,씍,4
4155,씡,1
4156,씨,2060
4157,씩,96
4158,씬,576
4159,씰,3
4160,씷,6
4161,씸,198
4162,씹,1290
4163,씻,35
4164,씽,696
4165,아,84573
4166,악,5621
4167,안,15105
4168,앉,5
4169,않,9
4170,앋,3
4171,알,9238
4172,앎,6
4173,앏,270
4174,앐,5
4175,암,2348
4176,압,1451
4177,앗,1490
4178,았,18
4179,앙,1451
4180,앛,1
4181,앞,4
4182,애,7728
4183,액,24
4184,앤,256
4185,앧,2
4186,앨,3
4187,앰,1
4188,앳,498
4189,앵,26
4190,야,72986
4191,약,5233
4192,얀,276
4193,얄,24
4194,얇,9
4195,얌,176
4196,얍,36
4197,얏,1514
4198,얐,10
4199,양,12525
4200,얘,1027
4201,얜,11
4202,얠,3
4203,얫,107
4204,어,39685
4205,억,1215
4206,얶,1
4207,언,8057
4208,얻,125
4209,얼,2176
4210,얽,194
4211,얿,31
4212,엀,1
4213,엄,4691
4214,업,26682
4215,없,47
4216,엇,16066
4217,었,45
4218,엉,119
4219,에,52010
4220,엑,7
4221,엔,300
4222,엗,1
4223,엘,10
4224,엣,768
4225,엤,1
4226,엥,5
4227,여,80195
4228,역,5112
4229,연,18562
4230,엳,12
4231,열,3474
4232,엷,28
4233,염,1984
4234,엽,516
4235,엿,7465
4236,였,21
4237,영,7020
4238,옆,1
4239,예,10713
4240,옌,86
4241,옐,3
4242,옛,601
4243,옝,31
4244,오,90601
4245,옥,9580
4246,온,11492
4247,옫,8
4248,올,6910
4249,옭,13
4250,옮,132
4251,옯,1
4252,옰,11
4253,옳,8
4254,옴,1987
4255,옵,1638
4256,옷,1172
4257,옹,728
4258,와,35133
4259,왁,4
4260,완,2802
4261,왇,101
4262,왈,18798
4263,왐,10
4264,왓,1168
4265,왔,5
4266,왕,15339
4267,왜,1131
4268,왯,25
4269,왱,1
4270,외,8750
4271,왼,410
4272,욀,159
4273,욈,2
4274,욋,10
4275,욍,20
4276,요,8501
4277,욕,2446
4278,욘,67
4279,욜,72
4280,욣,1
4281,욤,412
4282,욧,1
4283,용,6000
4284,우,25004
4285,욱,1011
4286,운,6670
4287,욷,9
4288,울,2551
4289,욹,29
4290,욻,1
4291,욼,9
4292,움,651
4293,웁,19
4294,웃,1375
4295,웅,907
4296,워,3166
4297,웍,22
4298,원,19656
4299,웓,4
4300,월,7910
4301,웘,2
4302,웛,1
4303,웜,6
4304,웟,158
4305,웠,1
4306,웡,16
4307,웨,93
4308,웬,7
4309,웰,2
4310,웻,12
4311,위,21936
4312,윅,1
4313,윈,86
4314,윌,62
4315,윐,1
4316,윔,4
4317,윗,62
4318,윙,920
4319,유,16711
4320,육,1039
4321,윤,8321
4322,율,70
4323,윰,65
4324,윱,8
4325,윳,3
4326,융,468
4327,으,32729
4328,윽,1362
4329,은,41929
4330,읃,2
4331,을,131792
4332,읅,10
4333,읇,75
4334,음,8115
4335,읍,1846
4336,읏,464
4337,응,2056
4338,의,185452
4339,읜,50
4340,읟,2
4341,읠,18
4342,읨,1
4343,읫,408
4344,읭,13
4345,이,335370
4346,익,2593
4347,읶,1
4348,인,45468
4349,읻,10
4350,일,56690
4351,읽,70
4352,읿,1
4353,잀,10
4354,임,6267
4355,입,3247
4356,잆,1
4357,잇,19782
4358,있,69
4359,잉,1052
4360,잊,4
4361,잎,1
4362,잏,1
4363,자,5557
4364,작,3342
4365,잔,1683
4366,잘,1001
4367,잠,1984
4368,잡,4117
4369,잣,116
4370,장,8320
4371,재,1200
4372,잭,1
4373,잰,4
4374,잴,1
4375,잽,1
4376,잿,31
4377,쟁,45
4378,쟈,6587
4379,쟉,1485
4380,쟌,73
4381,쟐,43
4382,쟘,23
4383,쟙,11
4384,쟛,10
4385,쟝,10295
4386,쟡,1
4387,쟤,2970
4388,쟨,6
4389,쟷,3
4390,저,2385
4391,적,3413
4392,전,427
4393,젇,5
4394,절,579
4395,젊,2
4396,점,121
4397,접,91
4398,젓,204
4399,젔,1
4400,정,418
4401,젖,2
4402,제,6374
4403,젠,55
4404,젤,1
4405,젯,113
4406,젱,3
4407,져,24627
4408,젹,7194
4409,젼,16769
4410,졀,7516
4411,졂,5
4412,졇,1
4413,졈,2336
4414,졉,1468
4415,졋,425
4416,졍,26490
4417,졔,19824
4418,졘,18
4419,졜,2
4420,졧,29
4421,졩,156
4422,조,19907
4423,족,1390
4424,존,5378
4425,졷,16
4426,졸,1880
4427,좀,205
4428,좁,120
4429,좃,1378
4430,종,6893
4431,좇,5
4432,좋,1
4433,좌,4936
4434,좍,2
4435,좐,10
4436,좔,1
4437,좕,1
4438,좡,105
4439,좨,136
4440,죄,9500
4441,죈,9
4442,죌,2
4443,죗,7
4444,죙,28
4445,죠,3396
4446,죡,1735
4447,죤,38
4448,죨,34
4449,죰,13
4450,죱,1
4451,죳,33
4452,죵,4920
4453,주,6442
4454,죽,7115
4455,준,505
4456,줄,3067
4457,줅,3
4458,줈,1
4459,줌,90
4460,줍,17
4461,줏,29
4462,중,603
4463,줘,3
4464,줜,25
4465,쥐,387
4466,쥑,4
4467,쥔,8
4468,쥘,11
4469,쥬,14864
4470,쥭,967
4471,쥰,1832
4472,쥳,1
4473,쥴,1086
4474,쥼,11
4475,쥽,9
4476,쥿,12
4477,즁,8279
4478,즈,3026
4479,즉,11553
4480,즌,312
4481,즏,1
4482,즐,2396
4483,즑,11
4484,즔,1
4485,즘,455
4486,즙,380
4487,즛,668
4488,증,2787
4489,즤,23
4490,즥,1
4491,즷,1
4492,즹,4
4493,지,85358
4494,직,6300
4495,짂,1
4496,진,17222
4497,짇,7
4498,질,4882
4499,짐,1297
4500,집,7048
4501,짒,1
4502,짓,2026
4503,징,1576
4504,짜,36
4505,짝,16
4506,짠,30
4507,짬,18
4508,짭,68
4509,짯,151
4510,짱,4
4511,짷,1
4512,째,51
4513,쨩,61
4514,쩀,1
4515,쩌,24
4516,쩍,9
4517,쩐,7
4518,쩜,4
4519,쩡,3
4520,쩨,47
4521,쩬,4
4522,쩰,2
4523,쩻,2
4524,쩽,1
4525,쪅,297
4526,쪈,215
4527,쪔,366
4528,쪙,5
4529,쪤,1
4530,쪵,13
4531,쪼,2
4532,쪽,36
4533,쫀,2
4534,쫏,5
4535,쫑,26
4536,쫜,8
4537,쫭,236
4538,쬥,144
4539,쬬,1
4540,쭈,20
4541,쭌,1
4542,쭐,5
4543,쭝,56
4544,쭤,22
4545,쮜,24
4546,쮸,35
4547,쮼,7
4548,쯍,25
4549,쯔,1
4550,쯕,34
4551,쯘,1
4552,쯩,8
4553,쯰,1
4554,찅,2
4555,찌,28
4556,찐,110
4557,찜,5
4558,찝,63
4559,찡,56
4560,찧,1
4561,차,3304
4562,착,865
4563,찬,3122
4564,찯,2
4565,찰,1688
4566,찷,4
4567,참,6357
4568,찹,9
4569,찻,144
4570,창,3434
4571,찾,2
4572,채,714
4573,책,79
4574,챗,12
4575,챙,4
4576,챠,721
4577,챡,150
4578,챤,30
4579,챨,31
4580,챰,13
4581,챱,6
4582,챳,1
4583,챵,2625
4584,챼,19
4585,챽,1
4586,첀,1
4587,처,2661
4588,척,58
4589,천,245
4590,철,68
4591,첨,86
4592,첩,72
4593,첫,296
4594,청,113
4595,체,234
4596,쳇,20
4597,쳉,25
4598,쳐,11190
4599,쳑,2650
4600,쳔,9729
4601,쳗,19
4602,쳘,1369
4603,쳠,1052
4604,쳡,2739
4605,쳣,361
4606,쳥,11080
4607,쳬,2526
4608,쳰,2
4609,쳿,2
4610,촁,935
4611,초,9415
4612,촉,825
4613,촌,897
4614,촏,2
4615,촐,81
4616,촘,32
4617,촛,33
4618,총,1344
4619,촤,6
4620,촨,4
4621,촬,28
4622,촹,96
4623,쵀,90
4624,최,3114
4625,쵝,2
4626,쵠,25
4627,쵣,1
4628,쵤,30
4629,쵬,4
4630,쵯,2
4631,쵱,1
4632,쵸,1431
4633,쵹,1111
4634,쵼,66
4635,춀,7
4636,춈,8
4637,춋,5
4638,춍,697
4639,추,828
4640,축,237
4641,춘,124
4642,춛,1
4643,출,156
4644,춤,225
4645,춥,3
4646,충,318
4647,춰,2
4648,춴,7
4649,췌,69
4650,취,660
4651,췬,5
4652,췰,11
4653,췽,1
4654,츄,5227
4655,츅,1044
4656,츈,2512
4657,츌,3394
4658,츓,4
4659,츔,50
4660,츕,1
4661,츗,5
4662,츙,1615
4663,츠,600
4664,측,1751
4665,츤,179
4666,츨,274
4667,츩,28
4668,츬,3
4669,츰,50
4670,츳,7
4671,층,520
4672,츼,267
4673,츽,2
4674,칀,2
4675,칄,3
4676,칏,1
4677,칑,1
4678,치,28075
4679,칙,502
4680,친,7560
4681,칟,5
4682,칠,3420
4683,칧,2
4684,침,3254
4685,칩,76
4686,칫,8
4687,칭,2105
4688,카,103
4689,칵,23
4690,칸,110
4691,칼,975
4692,캄,31
4693,캅,9
4694,캇,4
4695,캉,194
4696,캐,339
4697,캔,1
4698,캘,1
4699,캥,30
4700,캬,30
4701,캰,1
4702,캳,1
4703,캴,2
4704,컁,16
4705,커,2168
4706,컥,15
4707,컨,1952
4708,컫,5
4709,컬,53
4710,컴,16
4711,컵,23
4712,컷,97
4713,컹,69
4714,케,2847
4715,켄,2
4716,켇,1
4717,켈,1
4718,켑,7
4719,켓,7
4720,켜,178
4721,켝,1
4722,켠,70
4723,켤,5
4724,켯,3
4725,켱,5
4726,켸,25
4727,콍,39
4728,코,6210
4729,콕,62
4730,콘,41
4731,콜,5
4732,콤,11
4733,콧,17
4734,콩,675
4735,콰,242
4736,콱,2
4737,콴,7
4738,콸,1
4739,쾃,1
4740,쾅,60
4741,쾌,1293
4742,쾟,1
4743,쾡,19
4744,쾨,16
4745,쾽,7
4746,쿄,16
4747,쿌,1
4748,쿔,1
4749,쿠,292
4750,쿡,11
4751,쿤,30
4752,쿧,1
4753,쿨,50
4754,쿰,2
4755,쿱,8
4756,쿳,4
4757,쿵,114
4758,쿼,16
4759,퀀,79
4760,퀄,1
4761,퀴,59
4762,퀵,1
4763,퀸,3
4764,큇,1
4765,큉,2
4766,큐,71
4767,큔,11
4768,큥,5
4769,크,2617
4770,큭,17
4771,큰,2830
4772,클,78
4773,큼,52
4774,큽,1
4775,큿,2
4776,킁,9
4777,킈,86
4778,킌,6
4779,킐,12
4780,킝,334
4781,키,1778
4782,킥,3
4783,킨,87
4784,킬,69
4785,킴,6
4786,킷,3
4787,킹,38
4788,타,6060
4789,탁,1894
4790,탄,3637
4791,탇,1
4792,탈,963
4793,탐,1025
4794,탑,488
4795,탓,175
4796,탕,1517
4797,태,8341
4798,택,60
4799,탠,3
4800,탤,3
4801,탬,1
4802,탯,5
4803,탱,67
4804,탸,8
4805,탹,43
4806,탼,1
4807,턈,2
4808,턍,72
4809,턔,1
4810,턩,1
4811,터,5694
4812,턱,30
4813,턴,154
4814,턷,1
4815,털,310
4816,텀,14
4817,텁,39
4818,텃,26
4819,텅,27
4820,테,148
4821,텍,2
4822,텐,4
4823,텔,1
4824,템,3
4825,텟,16
4826,텡,8
4827,텨,1439
4828,텩,216
4829,텬,13281
4830,텯,1
4831,텰,603
4832,텸,174
4833,텹,145
4834,텻,781
4835,텽,883
4836,톄,3051
4837,톈,6
4838,톗,2
4839,톙,688
4840,토,3649
4841,톡,16
4842,톤,48
4843,톧,1
4844,톨,52
4845,톰,17
4846,톱,93
4847,톳,36
4848,통,6349
4849,톼,15
4850,퇑,3
4851,퇴,1220
4852,퇵,1
4853,퇼,1
4854,툇,2
4855,툉,27
4856,툐,350
4857,툑,8
4858,툔,2
4859,툘,3
4860,툠,5
4861,툣,1
4862,툥,235
4863,투,1295
4864,툭,18
4865,툰,55
4866,툳,1
4867,툴,66
4868,툼,26
4869,툽,8
4870,툿,8
4871,퉁,163
4872,퉈,3
4873,퉌,8
4874,튀,108
4875,튄,2
4876,튈,3
4877,튓,6
4878,튜,546
4879,튝,702
4880,튠,5
4881,튤,48
4882,튬,4
4883,튱,2060
4884,트,836
4885,특,2112
4886,튼,661
4887,튿,1
4888,틀,515
4889,틄,11
4890,틈,266
4891,틉,3
4892,틋,362
4893,틍,23
4894,틔,229
4895,틕,1
4896,틘,1
4897,틧,31
4898,티,9934
4899,틱,248
4900,틴,92
4901,틸,72
4902,팀,178
4903,팁,8
4904,팃,1
4905,팅,231
4906,파,4400
4907,팍,21
4908,판,2830
4909,팔,3079
4910,팜,2
4911,팝,1
4912,팟,78
4913,팡,69
4914,패,1461
4915,팰,3
4916,팽,44
4917,퍄,2
4918,퍅,14
4919,퍌,1
4920,퍼,518
4921,퍽,16
4922,펀,127
4923,펄,11
4924,펌,1
4925,펏,27
4926,펑,13
4927,페,61
4928,펫,5
4929,펴,1664
4930,펵,11
4931,편,4007
4932,펼,118
4933,폄,183
4934,폅,5
4935,폇,4
4936,평,5713
4937,폐,3087
4938,폘,3
4939,폣,2
4940,폥,17
4941,포,3390
4942,폭,190
4943,폰,1
4944,폴,4
4945,폼,15
4946,폿,5
4947,퐁,192
4948,퐈,1
4949,퐉,1
4950,푀,154
4951,푄,2
4952,표,1922
4953,푠,1
4954,푤,2
4955,푱,1
4956,푸,591
4957,푹,1
4958,푼,388
4959,풀,553
4960,품,1315
4961,풋,7
4962,풍,4235
4963,풑,1
4964,풔,13
4965,퓌,41
4966,퓐,3
4967,퓔,2
4968,퓜,1
4969,퓡,2
4970,퓨,15
4971,퓬,4
4972,퓰,1
4973,퓽,20
4974,프,2464
4975,픅,1
4976,픈,516
4977,플,961
4978,픐,18
4979,픔,1424
4980,픗,34
4981,픙,175
4982,픠,143
4983,픤,11
4984,픨,4
4985,픱,1
4986,피,4807
4987,픽,21
4988,핀,70
4989,필,3813
4990,핌,8
4991,핍,338
4992,핏,54
4993,핑,210
4994,하,26713
4995,학,2360
4996,한,11901
4997,핟,8
4998,할,3196
4999,핡,1
5000,핧,1
5001,함,3251
5002,합,2539
5003,핫,131
5004,항,2295
5005,핳,1
5006,해,3998
5007,핵,19
5008,핸,6
5009,핼,4
5010,햇,71
5011,행,219
5012,햐,292
5013,햑,2
5014,햔,8
5015,햠,1
5016,향,5039
5017,햬,2
5018,허,8972
5019,헉,10
5020,헌,3015
5021,헐,444
5022,험,1707
5023,헙,202
5024,헛,434
5025,헝,575
5026,헤,815
5027,헥,2
5028,헨,13
5029,헴,1
5030,헷,102
5031,헹,2
5032,혀,5447
5033,혁,681
5034,현,8531
5035,혈,1161
5036,혏,1
5037,혐,511
5038,협,1271
5039,혓,155
5040,형,10216
5041,혜,4486
5042,혠,3
5043,혤,25
5044,혬,41
5045,혭,4
5046,혯,4
5047,혱,1
5048,호,23052
5049,혹,4921
5050,혼,4727
5051,혿,4
5052,홀,3048
5053,홇,1
5054,홈,6802
5055,홉,552
5056,홋,29
5057,홍,4060
5058,화,14396
5059,확,493
5060,환,5203
5061,홛,1
5062,활,1025
5063,홠,2
5064,홤,1
5065,홧,50
5066,황,8203
5067,홰,1134
5068,홱,3
5069,홴,9
5070,횃,20
5071,회,6929
5072,획,295
5073,횐,18
5074,횔,6
5075,횟,57
5076,횡,318
5077,효,4320
5078,횩,1
5079,횬,6
5080,횰,1
5081,횸,5
5082,횽,4
5083,후,18986
5084,훅,5
5085,훈,1787
5086,훋,3
5087,훌,293
5088,훔,414
5089,훕,6
5090,훗,66
5091,훙,392
5092,훠,94
5093,훤,487
5094,훨,2
5095,훳,9
5096,훼,370
5097,휘,5573
5098,휜,9
5099,휠,5
5100,휨,1
5101,휫,22
5102,휭,18
5103,휴,642
5104,휵,241
5105,휸,21
5106,휼,745
5107,흄,2
5108,흉,3921
5109,흐,6632
5110,흑,410
5111,흔,5887
5112,흗,8
5113,흘,4210
5114,흙,224
5115,흟,1
5116,흠,1300
5117,흡,576
5118,흣,217
5119,흥,2289
5120,희,10037
5121,흰,448
5122,흴,127
5123,흼,4
5124,흿,87
5125,힁,307
5126,히,46404
5127,힉,2
5128,힌,630
5129,힐,612
5130,힘,1845
5131,힙,14
5132,힛,5
5133,힝,50
5134,힞,1
5135,,1
